\AGM@{a}{g},arithmetic-geometric mean,arithmetic-geometric-mean,F|F:P,$M$,http://dlmf.nist.gov/19.8#SS1.p1,
\AThetaFunction@{x},Jacobi theta function $\vartheta$,a-theta-function,F|F:P,$\vartheta$,http://dlmf.nist.gov/23.1,
\AbstractJacobi{p}{q},generic Jacobian elliptic function,generic-Jacobian-elliptic-function,F|F,$\mathrm{pq}$,http://dlmf.nist.gov/22.2#E10,
\Acos@@{z},general inverse cosine function,multivalued-inverse-cosine,F|F:P:nP,$\mathrm{Arccos}$,http://dlmf.nist.gov/4.23#E2,
\Acosh@@{z},general inverse hyperbolic cosine function,multivalued-hyperbolic-inverse-cosine,F|F:P:nP,$\mathrm{Arccosh}$,http://dlmf.nist.gov/4.37#E2,
\Acot@@{z},general inverse cotangent function,multivalued-inverse-cotangent,F|F:P:nP,$\mathrm{Arccot}$,http://dlmf.nist.gov/4.23#E6,
\Acoth@@{z},general inverse hyperbolic cotangent function,multivalued-hyperbolic-inverse-cotangent,F|F:P:nP,$\mathrm{Arccoth}$,http://dlmf.nist.gov/4.37#E6,
\Acsc@@{z},general inverse cosecant function,multivalued-inverse-cosecant,F|F:P:nP,$\mathrm{Arccsc}$,http://dlmf.nist.gov/4.23#E4,
\Acsch@@{z},general inverse hyperbolic cosecant function,multivalued-hyperbolic-inverse-cosecant,F|F:P:nP,$\mathrm{Arccsch}$,http://dlmf.nist.gov/4.37#E4,
\AffqKrawtchouk{n}@@{q^{-x}}{p}{N}{q},affine $q$-Krawtchouk polynomial,affine-q-Krawtchouk-polynomial-K,P|F:P:PS,$K^{\mathrm{Aff}}_{n}$,http://drmf.wmflabs.org/wiki/Definition:AffqKrawtchouk,
\AiryAi@{z},Airy function ${\rm Ai}$,Airy-Ai,F|F:P,$\mathrm{Ai}$,http://dlmf.nist.gov/9.2#i,
\AiryBi@{z},Airy function ${\rm Bi}$,Airy-Bi,F|F:P,$\mathrm{Bi}$,http://dlmf.nist.gov/9.2#i,
\AiryModulusM@{z},Airy modulus function $M$,modulus-Airy-M,F|F:P,$M$,http://dlmf.nist.gov/9.8#i,
\AiryModulusN@{z},Airy modulus function $N$,modulus-Airy-N,F|F:P,$N$,http://dlmf.nist.gov/9.8#i,
\AiryPhasePhi@{z},Airy phase function $\phi$,phase-Airy-Phi,F|F:P,$\phi$,http://dlmf.nist.gov/9.8#i,
\AiryPhaseTheta@{z},Airy phase function $\theta$,phase-Airy-Theta,F|F:P,$\theta$,http://dlmf.nist.gov/9.8#i,
\AlSalamCarlitzI{a}{n}@{x}{q},Al-Salam-Carlitz I polynomial,EMPTY,P|F:P,$U^{(n)}_{\alpha}$,http://drmf.wmflabs.org/wiki/Definition:AlSalamCarlitzI,
\AlSalamCarlitzII{a}{n}@{x}{q},Al-Salam-Carlitz II polynomial,EMPTY,P|F:P,$V^{(n)}_{\alpha}$,http://drmf.wmflabs.org/wiki/Definition:AlSalamCarlitzII,
\AlSalamChihara{n}@@{x}{a}{b}{q},Al-Salam-Chihara polynomial,Al-Salam-Chihara-polynomial-Q,P|F:P:PS,$Q_{n}$,http://drmf.wmflabs.org/wiki/Definition:AlSalamChihara,
\AlSalamChiharaQ{n}@{x}{a}{b}{q},Al-Salam-Chihara polynomial,AlSalam-Chihara-polynomial-Q,P|F:P,$Q_{n}$,http://dlmf.nist.gov/18.28#E7,
\AlSalamIsmail{n}@{x}{s}{q},Al-Salam Ismail polynomial,Al-Salam-Ismail-q-polynomial-U,P|P:F,$U_{n}$,http://drmf.wmflabs.org/wiki/Definition:AlSalamIsmail,
\AngerA{\nu}@{z},Anger-Weber function,associated-Anger-Weber-A,F|F:P,$\mathbf{A}_{\nu}$,http://dlmf.nist.gov/11.10#E4,
\AngerJ{\nu}@{z},Anger function,Anger-J,F|F:P,$\mathbf{J}_{\nu}$,http://dlmf.nist.gov/11.10#E1,
\AntiDer@{x}{f(x)},semantic antiderivative,antiderivative,SM|O,"$\int f(x){\mathrm d}\!x$",http://drmf.wmflabs.org/wiki/Definition:AntiDer,
\AppellFi@{\alpha}{\beta}{\beta'}{\gamma}{x}{y},Appell function $F_1$,Appell-F-1,F|F:P,${F_{1}}$,http://dlmf.nist.gov/16.13#E1,
\AppellFii@{\alpha}{\beta}{\beta'}{\gamma}{\gamma'}{x}{y},Appell function $F_2$,Appell-F-2,F|F:P,${F_{2}}$,http://dlmf.nist.gov/16.13#E2,
\AppellFiii@{\alpha}{\alpha'}{\beta}{\beta'}{\gamma}{x}{y},Appell function $F_3$,Appell-F-3,F|F:P,${F_{3}}$,http://dlmf.nist.gov/16.13#E3,
\AppellFiv@{\alpha}{\beta}{\gamma}{\gamma'}{x}{y},Appell function $F_4$,Appell-F-4,F|F:P,${F_{4}}$,http://dlmf.nist.gov/16.13#E4,
\Asec@@{z},general inverse secant function,multivalued-inverse-secant,F|F:P:nP,$\mathrm{Arcsec}$,http://dlmf.nist.gov/4.23#E5,
\Asech@@{z},general inverse hyperbolic secant function,multivalued-hyperbolic-inverse-secant,F|F:P:nP,$\mathrm{Arcsech}$,http://dlmf.nist.gov/4.37#E5,
\Asin@@{z},general inverse sine function,multivalued-inverse-sine,F|F:P:nP,$\mathrm{Arcsin}$,http://dlmf.nist.gov/4.23#E1,
\Asinh@@{z},general inverse hyperbolic sine function,multivalued-hyperbolic-inverse-sine,F|F:P:nP,$\mathrm{Arcsinh}$,http://dlmf.nist.gov/4.37#E1,
\AskeyWilson{n}@{x}{a}{b}{c}{d}{q},Askey-Wilson polynomial,Askey-Wilson-polynomial-p,P|F:P,$p_{n}$,http://dlmf.nist.gov/18.28#E1,
\AskeyWilsonp{n}@{x}{a}{b}{c}{d}{q},Askey-Wilson polynomial,Askey-Wilson-polynomial-p,P|F:P,$p_{n}$,http://dlmf.nist.gov/18.28#E1,
\AssJacobiP{\alpha}{\beta}{n}@{x}{c},associated Jacobi polynomial,associated-Jacobi-polynomial-P,P|F:P,"$P^{(\alpha,\alpha)}_{n}$",http://dlmf.nist.gov/18.30#E4,
\AssLegendrePoly{n}@{x}{c},associated Legendre polynomial,Legendre-spherical-polynomial-P,F|F:P,$P_{n}$,http://dlmf.nist.gov/18.30#E6,
\Atan@@{z},general inverse tangent function,multivalued-inverse-tangent,F|F:P:nP,$\mathrm{Arctan}$,http://dlmf.nist.gov/4.23#E3,
\Atanh@@{z},general inverse hyperbolic tangent function,multivalued-hyperbolic-inverse-tangent,F|F:P:nP,$\mathrm{Arctanh}$,http://dlmf.nist.gov/4.37#E3,
\BarnesGamma@{z},Barnes $G$-function (or double gamma function),Barnes-Gamma,F|F:P,$G$,http://dlmf.nist.gov/5.17#E1,
\BellNumber@{n},Bell number,Bell-number,I|F:P,$B$,http://dlmf.nist.gov/26.7#i,
\BernoulliB{n}@{x},Bernoulli polynomial,Bernoulli-polynomial-B,P|F:P,$B_{n}$,http://dlmf.nist.gov/24.2#i,
\BesselA{\nu}@{\Matrix{T}},Bessel function of matrix argument of the first kind,Bessel-of-matrix-A,F|F:P,$A_{\nu}$,http://dlmf.nist.gov/35.5#i,
\BesselB{\nu}@{\Matrix{T}},Bessel function of matrix argument of the second kind,Bessel-of-matrix-B,F|F:P,$B_{\nu}$,http://dlmf.nist.gov/35.5#E3,
\BesselI{\nu}@{z},modified Bessel function of the first kind,modified-Bessel-first-kind,F|F:P,$I_{\nu}$,http://dlmf.nist.gov/23.1,
\BesselItilde{\nu}@{x},modified Bessel function of the first kind of imaginary order,modified-Bessel-first-kind-imaginary-order,F|F:P,$\widetilde{I}_{\nu}$,http://dlmf.nist.gov/23.1,
\BesselJ{\nu}@{z},Bessel function of the first kind,Bessel-J,F|F:P,$J_{\nu}$,http://dlmf.nist.gov/10.2#E2,
\BesselJtilde{\nu}@{x},Bessel function of the first kind of imaginary order,Bessel-J-imaginary-order,F|F:P,$\widetilde{J}_{\nu}$,http://dlmf.nist.gov/10.24#Ex1,
\BesselK{\nu}@{z},modified Bessel function of the second kind,modified-Bessel-second-kind,F|F:P,$K_{\nu}$,http://dlmf.nist.gov/23.1,
\BesselKtilde{\nu}@{x},modified Bessel function of the second kind of imaginary order,modified-Bessel-second-kind-imaginary-order,F|F:P,$\widetilde{K}_{\nu}$,http://dlmf.nist.gov/10.45#E2,
\BesselModulusM{\nu}@{x},modulus of Bessel functions,modulus-Bessel-M,F|F:P,$M_{\nu}$,http://dlmf.nist.gov/10.18#E1,
\BesselModulusN{\nu}@{x},modulus of derivatives of Bessel functions,modulus-Bessel-N,F|F:P,$N_{\nu}$,http://dlmf.nist.gov/10.18#E2,
\BesselPhasePhi{\nu}@{x},phase of derivatives of Bessel functions,phase-Bessel-Phi,F|F:P,$\phi_{\nu}$,http://dlmf.nist.gov/10.18#E3,
\BesselPhaseTheta{\nu}@{x},phase of Bessel functions,phase-Bessel-Theta,F|F:P,$\theta_{\nu}$,http://dlmf.nist.gov/10.18#E3,
\BesselPoly{n}@{x}{a},Bessel polynomial,Bessel-polynomial-y,P|F:P,$y_{n}$,http://dlmf.nist.gov/18.34#E1,
\BesselPolyy{n}@{x}{a},Bessel polynomial,Bessel-polynomial-y,P|F:P,$y_{n}$,http://dlmf.nist.gov/18.34#E1,
\BesselY{\nu}@{z},Bessel function of the second kind,Bessel-Y-Weber,F|F:P,$Y_{\nu}$,http://dlmf.nist.gov/10.2#E3,
\BesselYtilde{\nu}@{x},Bessel function of the second kind of imaginary order,Bessel-Y-Weber-imaginary-order,F|F:P,$\widetilde{Y}_{\nu}$,http://dlmf.nist.gov/10.24#Ex1,
\BickleyKi{\alpha}@{x},Bickley function,Bickley-Ki,F|F:P,$\mathrm{Ki}_{\alpha}$,http://dlmf.nist.gov/10.43#E11,
\BigO@{x},order not exceeding,Big-O,Q|F:P,$O$,http://dlmf.nist.gov/2.1#E3,
\CanonicInt{K}@{\Vector{x}},canonical integral $\Psi_K$,canonical-integral,F|F:P,$\Psi_{K}$,http://dlmf.nist.gov/36.2#E4,
\CanonicIntU@{\Vector{x}},umbilic canonical integral $\Psi^{({\rm U})}$,canonical-umbilic-integral,F|F:P,$\Psi^{(\mathrm{U})}$,http://dlmf.nist.gov/36.2#E5,
\CanonicIntE@{\Vector{x}},elliptic umbilic canonical integral $\Psi^{({\rm E})}$,elliptic-umbilic-canonical-integral,F|F:P,$\Psi^{(\mathrm{E})}$,http://dlmf.nist.gov/36.2#E6,
\CanonicIntH@{\Vector{x}},hyperbolic umbilic canonical integral $\Psi^{({\rm H})}$,hyperbolic-umbilic-canonical-integral,F|F:P,$\Psi^{(\mathrm{H})}$,http://dlmf.nist.gov/36.2#E8,
\CatalanNumber@{n},Catalan number,Catalan-number,I|F:P,$C$,http://dlmf.nist.gov/26.5#E1,
\CatalansConstant,Catalan's constant,Catalan's-constant,C|F,$G$,http://dlmf.nist.gov/25.11.E40,
\Charlier{n}@{x}{a},Charlier polynomial,Charlier-polynomial-C,P|F:P,$C_{n}$,http://dlmf.nist.gov/18.19#T1.t1.r11,
\CharlierC{n}@{x}{a},Charlier polynomial,Charlier-polynomial-C,P|F:P,$C_{n}$,http://dlmf.nist.gov/18.19#T1.t1.r11,
\ChebyC{n}@{x},dilated Chebyshev polynomial of the first kind,dilated-Chebyshev-polynomial-second-kind-C,P|F:P,$C_{n}$,http://dlmf.nist.gov/18.1#E3,
\ChebyS{n}@{x},dilated Chebyshev polynomial of the second kind,dilated-Chebyshev-polynomial-first-kind-S,P|F:P,$S_{n}$,http://dlmf.nist.gov/18.1#E3,
\ChebyT{n}@{x},Chebyshev polynomial of the first kind,Chebyshev-polynomial-first-kind-T,P|F:P,$T_{n}$,http://dlmf.nist.gov/18.3#T1.t1.r8,
\ChebyTs{n}@{x},shifted Chebyshev polynomial of the first kind,shifted-Chebyshev-polynomial-first-kind-T-star,P|F:P,$T^{*}_{n}$,http://dlmf.nist.gov/18.3#T1.t1.r20,
\ChebyU{n}@{x},Chebyshev polynomial of the second kind,Chebyshev-polynomial-second-kind-U,P|F:P,$U_{n}$,http://dlmf.nist.gov/18.3#T1.t1.r11,
\ChebyUs{n}@{x},shifted Chebyshev polynomial of the second kind,shifted-Chebyshev-polynomial-second-kind-U-star,P|F:P,$U^{*}_{n}$,http://dlmf.nist.gov/18.3#T1.t1.r23,
\ChebyV{n}@{x},Chebyshev polynomial of the third kind,Chebyshev-polynomial-third-kind-V,P|F:P,$V_{n}$,http://dlmf.nist.gov/18.3#T1.t1.r14,
\ChebyW{n}@{x},Chebyshev polynomial of the fourth kind,Chebyshev-polynomial-fourth-kind-W,P|F:P,$W_{n}$,http://dlmf.nist.gov/18.3#T1.t1.r17,
\ChebyshevPsi@{x},Chebyshev $\ChebyshevPsi$-function,Chebyshev-psi,F|F:P,$\psi$,http://dlmf.nist.gov/25.16#E1,
\CiglerqChebyT{n}@{x}{s}{q},Cigler $q$-Chebyshev polynomial $T$,Cigler-q-Chebyshev-polynomial-T,P|P:F,$T_{n}$,http://drmf.wmflabs.org/wiki/Definition:CiglerqChebyT,
\CiglerqChebyU{n}@{x}{s}{q},Cigler $q$-Chebyshev polynomial $U$,Cigler-q-Chebyshev-polynomial-U,P|P:F,$U_{n}$,http://drmf.wmflabs.org/wiki/Definition:CiglerqChebyU,
\CompEllIntCE@@{k},Legendre's complementary complete elliptic integral of the second kind,complementary-complete-elliptic-integral-second-kind-E,F|F:P:nP,${E'}$,http://dlmf.nist.gov/19.2#E9,
\CompEllIntCK@@{k},Legendre's complementary complete elliptic integral of the first kind,complementary-complete-elliptic-integral-first-kind-K,F|F:P:nP,${K'}$,http://dlmf.nist.gov/19.2#E9,
\CompEllIntD@@{k},complete elliptic integral of Legendre's type,complete-elliptic-integral-D,F|F:P:nP,$D$,http://dlmf.nist.gov/19.2#E8,
\CompEllIntE@@{k},Legendre's complete elliptic integral of the second kind,complete-elliptic-integral-second-kind-E,F|F:P:nP,$E$,http://dlmf.nist.gov/19.2#E8,
\CompEllIntK@@{k},Legendre's complete elliptic integral of the first kind,complete-elliptic-integral-first-kind-K,F|F:P:nP,$K$,http://dlmf.nist.gov/19.2#E8,
\CompEllIntPi@{\alpha^2}{k},Legendre's complete elliptic integral of the third kind,complete-elliptic-integral-third-kind-Pi,F|F:P,$\Pi$,http://dlmf.nist.gov/19.2#E8,
\Complex,set of complex numbers,EMPTY,SN|F,$\mathbb{C}$,http://dlmf.nist.gov/front/introduction#Sx4.p1.t1.r1,
\ComplexZeroAiryBi{k},$k$\textsuperscript{th} complex zero of Airy $\AiryBi$,complex-zero-Airy-Bi,F|F,$\beta_{k}$,http://dlmf.nist.gov/9.9#SS1.p2,
\ComplexZeroAiryBiPrime{k},$k$\textsuperscript{th} complex zero of Airy $\AiryBi'$,complex-zero-derivative-Airy-Bi,F|F,$\beta'_{k}$,http://dlmf.nist.gov/9.9#SS1.p2,
\CompositionsC[m]@{n},number of compositions,number-of-compositions-C,I|F:F:P:P,$c_{m}$,http://dlmf.nist.gov/26.11#p1,
\CosInt@{z},cosine integral ${\rm Ci}$,cosine-integral,F|F:P,$\mathrm{Ci}$,http://dlmf.nist.gov/6.2#E11,
\CosIntCin@{z},cosine integral ${\rm Cin}$,cosine-integral-Cin,F|F:P,$\mathrm{Cin}$,http://dlmf.nist.gov/6.2#E12,
\CosIntg@{a}{z},generalized cosine integral ${\rm Ci}$,generalized-cosine-integral-Ci,F|F:P,$\mathrm{Ci}$,http://dlmf.nist.gov/8.21#E2,
\CoshInt@{z},hyperbolic cosine integral,hyperbolic-cosine-integral,F|F:P,$\mathrm{Chi}$,http://dlmf.nist.gov/6.2#E16,
\CoulombC{\ell}@{\eta},normalizing constant for Coulomb radial functions,Coulomb-C,F|F:P,$C_{\ell}$,http://dlmf.nist.gov/33.2#E5,
\CoulombF{\ell}@{\eta}{\rho},regular Coulomb radial function,regular-Coulomb-F,F|F:P,$F_{\ell}$,http://dlmf.nist.gov/33.2#E3,
\CoulombG{\ell}@{\eta}{\rho},irregular Coulomb radial function,irregular-Coulomb-G,F|F:P,$G_{\ell}$,http://dlmf.nist.gov/33.2#E11,
\CoulombH{\pm}{\ell}@{\eta}{\rho},irregular Coulomb radial functions,irregular-Coulomb-H,F|F:P,${H^{\pm}_{\ell}}$,http://dlmf.nist.gov/33.2#E7,
\CoulombM{\ell}@{\eta}{\rho},envelope of Coulomb functions,envelope-Coulomb-M,F|F:P,$M_{\ell}$,http://dlmf.nist.gov/33.3#E1,
\CoulombSigma{\ell}@{\eta},Coulomb phase shift,Coulomb-phase-shift,F|F:P,${\sigma_{\ell}}$,http://dlmf.nist.gov/33.2#E10,
\CoulombTheta{\ell}@{\eta}{\rho},phase of Coulomb functions,Coulomb-phase,F|F:P,${\theta_{\ell}}$,http://dlmf.nist.gov/33.2#E9,
\Coulombc@{\epsilon}{\ell}{r},irregular Coulomb function $c$,Coulomb-c,F|F:P,$c$,http://dlmf.nist.gov/23.1,
\Coulombf@{\epsilon}{\ell}{r},regular Coulomb function $f$,Coulomb-f,F|F:P,$f$,http://dlmf.nist.gov/33.14#E4,
\Coulombh@{\epsilon}{\ell}{r},irregular Coulomb function $h$,Coulomb-h,F|F:P,$h$,http://dlmf.nist.gov/33.14#E7,
\Coulombrhotp@{\eta}{\ell},outer turning point for Coulomb radial functions,Coulomb-radial-outer-turning-point,F|F:P,$\rho_{\mathrm{tp}}$,http://dlmf.nist.gov/33.2#E2,
\Coulombrtp@{\epsilon}{\ell},outer turning point for Coulomb functions,Coulomb-outer-turning-point,F|F:P,$r_{\mathrm{tp}}$,http://dlmf.nist.gov/33.14#E3,
\Coulombs@{\epsilon}{\ell}{r},regular Coulomb function $s$,Coulomb-s,F|F:P,$s$,http://dlmf.nist.gov/33.14#E9,
\CuspCat{K}@{t}{\Vector{x}},cuspoid catastrophe,cuspoid-catastrophe,F|F:P,$\Phi_{K}$,http://dlmf.nist.gov/36.2#E1,
\Cylinder{\nu}@{z},cylinder function,cylinder-function,F|F:P,$\mathscr{C}_{\nu}$,http://dlmf.nist.gov/10.2#P5.p1,
\DawsonsInt@{z},Dawson's integral,Dawsons-integral,F|F:P,$F$,http://dlmf.nist.gov/7.2#E5,
\DedekindModularEta@{\tau},Dedekind's eta function (or Dedekind modular function),Dedekind-modular-Eta,F|F:P,$\eta$,http://dlmf.nist.gov/23.15#E9,http://dlmf.nist.gov/27.14#E12
\DiffCat{K}@{\Vector{x}}{k},diffraction catastrophe,diffraction-catastrophe,F|F:P,$\Psi_{K}$,http://dlmf.nist.gov/36.2#E10,
\DiffCatE@{\Vector{x}}{k},elliptic umbilic canonical integral function,diffraction-elliptic-umbilic-catastrophe,F|F:P,$\Psi^{(\mathrm{E})}$,http://dlmf.nist.gov/23.1,
\DiffCatH@{\Vector{x}}{k},hyperbolic umbilic canonical integral function,diffraction-hyperbolic-umbilic-catastrophe,F|F:P,$\Psi^{(\mathrm{H})}$,http://dlmf.nist.gov/36.2#E11,
\DiffCatU@{\Vector{x}}{k},umbilic canonical integral function,diffraction-umbilic-catastrophe,F|F:P,$\Psi^{(\mathrm{U})}$,http://dlmf.nist.gov/36.2#E11,
\Dilogarithm@{z},dilogarithm,dilogarithm,F|F:P,$\mathrm{Li}_2$,http://dlmf.nist.gov/25.12#E1,
\Diracdelta@{x-a},Dirac delta (or Dirac delta function),Dirac-delta,D|F:P,$\Diracdelta@{x-a}$,http://dlmf.nist.gov/1.17#SS1.p1,
\DirichletCharacter@@{n}{k},Dirichlet character,Dirichlet-character,I|F:P:nP,$\chi$,http://dlmf.nist.gov/27.8,
\DirichletL@{s}{\chi},Dirichlet $\DirichletL$-function,Dirichlet-L,F|F:P,$L$,http://dlmf.nist.gov/25.15#E1,
\DiscriminantDelta@{\tau},discriminant function,discriminant-delta,F|F:P,$\Delta$,http://dlmf.nist.gov/27.14#E16,
\DiskOP{\alpha}{m}{n}@{z},disk polynomial,disk-orthogonal-polynomial-R,P|F:P,"$R^{(\alpha)}_{m,n}$",http://dlmf.nist.gov/18.37#E1,
\Distribution{f}{g},distribution,EMPTY,D|F,"$\left\langle f,g\right\rangle$",http://dlmf.nist.gov/1.16#SS1.p5,
\DivisorFunctionD[k]@{n},divisor function,divisor-function-D,F|F:P,$d_{k}$,http://dlmf.nist.gov/27.2#E9,
\DivisorSigma{\alpha}@{n},sum of powers of divisors,divisor-sigma,I|F:P,$\sigma_{\alpha}$,http://dlmf.nist.gov/27.2#E10,
\EllIntD@{\phi}{k},incomplete elliptic integral of Legendre's type,elliptic-integral-third-kind-D,F|F:P,$D$,http://dlmf.nist.gov/19.2#E6,
\EllIntE@{\phi}{k},Legendre's incomplete elliptic integral of the second kind,elliptic-integral-second-kind-E,F|F:P,$E$,http://dlmf.nist.gov/19.2#E5,
\EllIntF@{\phi}{k},Legendre's incomplete elliptic integral of the first kind,elliptic-integral-first-kind-F,F|F:P,$F$,http://dlmf.nist.gov/19.2#E4,
\EllIntPi@{\phi}{\alpha^2}{k},Legendre's incomplete elliptic integral of the third kind,elliptic-integral-third-kind-Pi,F|F:P,$\Pi$,http://dlmf.nist.gov/19.2#E7,
\EllIntR{-a}@{\Vector{b}}{\Vector{z}},Carlson integral $R_{-a}$,Carlson-integral-R,F|F:P,$R_{-a}$,http://dlmf.nist.gov/19.16#E9,
\EllIntRC@@{x}{y},Carlson's elliptic integral $R_C$,Carlson-integral-RC,F|F:P:nP,$R_C$,http://dlmf.nist.gov/19.2#E17,
\EllIntRD@@{x}{y}{z},Carlson's elliptic integral $R_D$,Carlson-integral-RD,F|F:P:nP,$R_D$,http://dlmf.nist.gov/19.16#E5,
\EllIntRF@@{x}{y}{z},Carlson's symmetric elliptic integral of first kind,Carlson-integral-RF,F|F:P:nP,$R_F$,http://dlmf.nist.gov/19.16#E1,
\EllIntRG@@{x}{y}{z},Carlson's symmetric elliptic integral of second kind,Carlson-integral-RG,F|F:P:nP,$R_G$,http://dlmf.nist.gov/19.16#E3,
\EllIntRJ@@{x}{y}{z}{p},Carlson's symmetric elliptic integral of third kind,Carlson-integral-RJ,F|F:P:nP,$R_J$,http://dlmf.nist.gov/19.16#E2,
\EllIntcel@{k_c}{p}{a}{b},Bulirsch's complete elliptic integral,Bulirsch-integral-cel,F|F:P,$\mathrm{cel}$,http://dlmf.nist.gov/19.2#E11,
\EllIntelone@{x}{k_c},Bulirsch's incomplete elliptic integral of the first kind,Bulirsch-integral-el-1,F|F:P,$\mathrm{el1}$,http://dlmf.nist.gov/19.2#E15,
\EllIntelthree@{x}{k_c}{p},Bulirsch's incomplete elliptic integral of the third kind,Bulirsch-integral-el-3,F|F:P,$\mathrm{el3}$,http://dlmf.nist.gov/19.2#E16,
\EllInteltwo@{x}{k_c}{a}{b},Bulirsch's incomplete elliptic integral of the second kind,Bulirsch-integral-el-2,F|F:P,$\mathrm{el2}$,http://dlmf.nist.gov/19.2#E12,
\EulerBeta@{a}{b},beta function,Euler-Beta,F|F:P,$\mathrm{B}$,http://dlmf.nist.gov/5.12#E1,
\EulerConstant,Euler's (Euler-Mascheroni) constant,EMPTY,C|F,$\gamma$,http://dlmf.nist.gov/5.2#E3,
\EulerE{n}@{x},Euler polynomial,Euler-polynomial-E,P|F:P,$E_{n}$,http://dlmf.nist.gov/24.2#ii,
\EulerGamma@{z},Euler's gamma function,Euler-Gamma,F|F:P,$\Gamma$,http://dlmf.nist.gov/5.2#E1,
\EulerPhi@{x},Euler's reciprocal function,Euler-phi,F|F:P,$\mathit{f}$,http://dlmf.nist.gov/27.14#E2,
\EulerSumH@{s},Euler sums,Euler-sum-H,F|F:P,$H$,http://dlmf.nist.gov/25.16#SS2.p1,
\EulerTotientPhi[k]@{n},Euler's totient $\phi_k(n)$,Euler-totient-phi,I|F:P,$\phi_{k}$,http://dlmf.nist.gov/27.2#E6,
\EulerianNumber{n}{k},Eulerian number,Eulerian-number,I|F,$\left\langle n\atop k\right\rangle$,http://dlmf.nist.gov/26.14#SS1.p3,
\ExpInt@{z},exponential integral $E_1$,exponential-integral,F|F:P,$E_1$,http://dlmf.nist.gov/6.2#E1,
\ExpIntEin@{z},complementary exponential integral ${\rm Ein}$,complementary-exponential-integral,F|F:P,$\mathrm{Ein}$,http://dlmf.nist.gov/6.2#E3,
\ExpInti@{x},exponential integral ${\rm Ei}$,exponential-integral-Ei,F|F:P,$\mathrm{Ei}$,http://dlmf.nist.gov/6.2#E1,
\ExpIntn{p}@{z},generalized exponential integral,exponential-integral-En,F|F:P,$E_{p}$,http://dlmf.nist.gov/8.19#E1,
\FerrersHatQ[-\mu]{-\frac{1}{2}+i\tau}@{x},conical function $\widehat{\mathsf{Q}}_\nu^\mu$,Ferrers-conical-legendre-Q-hat,F|FO:PO:FnO:PnO,$\widehat{\mathsf{Q}}_\nu^\mu$,http://dlmf.nist.gov/14.20#E2,
\FerrersP[\mu]{\nu}@{x},Ferrers function of the first kind,Ferrers-Legendre-P-first-kind,F|FO:PO:FnO:PnO,$\mathsf{P}_\nu^\mu$,http://dlmf.nist.gov/14.3#E1,
\FerrersQ[\mu]{\nu}@{x},Ferrers function of the second kind,Ferrers-Legendre-Q-first-kind,F|FO:PO:FnO:PnO,$\mathsf{Q}_\nu^\mu$,http://dlmf.nist.gov/14.3#E2,
\FishersHh{n}@{z},probability function,Fishers-Hh,F|F:P,$\mathit{Hh}_{n}$,http://dlmf.nist.gov/7.18#E12,
\FresnelCos@{z},Fresnel integral $C$,Fresnel-cosine-integral,F|F:P,$C$,http://dlmf.nist.gov/7.2#E7,
\FresnelF@{z},Fresnel integral ${\mathcal F}$,Fresnel-integral,F|F:P,$\mathcal{F}$,http://dlmf.nist.gov/7.2#E6,
\FresnelSin@{z},Fresnel integral $S$,Fresnel-sine-integral,F|F:P,$S$,http://dlmf.nist.gov/7.2#E8,
\Fresnelf@{z},auxiliary function for Fresnel integrals ${\rm f}$,Fresnel-auxilliary-function-f,F|F:P,$\mathrm{f}$,http://dlmf.nist.gov/7.2#E10,
\Fresnelg@{z},auxiliary function for Fresnel integrals ${\rm g}$,Fresnel-auxilliary-function-g,F|F:P,$\mathrm{g}$,http://dlmf.nist.gov/7.2#E11,
\GammaP@{a}{z},normalized incomplete gamma function $P$,incomplete-gamma-P,F|F:P,$P$,http://dlmf.nist.gov/8.2#E4,
\GammaQ@{a}{z},normalized incomplete gamma function $Q$,incomplete-gamma-Q,F|F:P,$Q$,http://dlmf.nist.gov/8.2#E4,
\GaussSum@{n}{\DirichletCharacter},Gauss sum,Gauss-sum,F|F:P,$G$,http://dlmf.nist.gov/27.10#E9,
\GenBernoulliB{\ell}{n}@{x},generalized Bernoulli polynomial,generalized-Bernoulli-polynomial-B,P|F:P,$B^{(\ell)}_{n}$,http://dlmf.nist.gov/24.16#P1.p1,
\GenBesselFun@{\rho}{\beta}{z},generalized Bessel function,generalized-Bessel-function,F|F:P,$\phi$,http://dlmf.nist.gov/10.46#E1,
\GenEulerE{\ell}{n}@{x},generalized Euler polynomial,generalized-Euler-polynomial-E,P|F:P,$E^{(\ell)}_{n}$,http://dlmf.nist.gov/24.16#P1.p1,
\GenEulerSumH@{s}{z},generalized Euler sums,generalized-Euler-sum-H,F|F:P,$H$,http://dlmf.nist.gov/25.16#SS2.p7,
\GenGegenbauer{\alpha}{\beta}{n}@{x},Generalized Gegenbauer polynomial,generalized-Gegenbauer-polynomial-S,P|F:P,"$S^{(\alpha,\beta)}_{n}$",http://drmf.wmflabs.org/wiki/Definition:GenGegenbauer,
\GenHermite[\alpha]{n}@{x},generalized Hermite polynomial,generalized-Hermite-polynomial-H,P|FO:PO:FnO:PnO,$H_n^{\mu}$,http://drmf.wmflabs.org/wiki/Definition:GenHermite,
\GoodStat@{z},Goodwin-Staton integral,Goodwin-Staton-integral,F|F:P,$G$,http://dlmf.nist.gov/7.2#E12,
\GottliebLaguerre{n}@{x},Gottlieb-Laguerre polynomial,Gottlieb-Laguerre-polynomial-l,P|F:P,$l_{n}$,http://drmf.wmflabs.org/wiki/Definition:GottliebLaguerre,
\Gudermannian@@{x},Gudermannian function,inverse-Gudermannian,F|F:P:nP,$\mathrm{gd}$,http://dlmf.nist.gov/4.23#E39,
\Hahn{n}@{x}{\alpha}{\beta}{N},Hahn polynomial,Hahn-polynomial-Q,P|F:P,$Q_{n}$,http://dlmf.nist.gov/18.19#T1.t1.r3,
\HahnQ{n}@{x}{\alpha}{\beta}{N},Hahn polynomial,Hahn-polynomial-Q,P|F:P,$Q_{n}$,http://dlmf.nist.gov/18.19#T1.t1.r3,
\HahnR{n}@{x}{\gamma}{\delta}{N},dual Hahn polynomial,dual-Hahn-R,P|F:P,$R_{n}$,http://dlmf.nist.gov/18.25#T1.t1.r5,
\HahnS{n}@{x}{a}{b}{c},continuous dual Hahn polynomial,continuous-dual-Hahn-S,P|F:P,$S_{n}$,http://dlmf.nist.gov/18.25#T1.t1.r3,
\Hahnp{n}@{x}{a}{b}{\conj{a}}{\conj{b}},continuous Hahn polynomial,continuous-Hahn-polynomial-p,P|F:P,$p_{n}$,http://dlmf.nist.gov/18.19#P2.p1,
\HankelHi{\nu}@{z},Hankel function of the first kind,Hankel-H-1-Bessel-third-kind,F|F:P,${H^{(1)}_{\nu}}$,http://dlmf.nist.gov/10.2#E5,
\HankelHii{\nu}@{z},Hankel function of the second kind,Hankel-H-2-Bessel-third-kind,F|F:P,${H^{(2)}_{\nu}}$,http://dlmf.nist.gov/10.2#E6,
\HarmonicNumber{n},Harmonic number,Harmonic-number,I|F,$H_{n}$,http://dlmf.nist.gov/25.11#E33,
\HeavisideH@{x},Heaviside step function,Heaviside-H,F|F:P,$H$,http://dlmf.nist.gov/1.16#E13,
\Hermite{n}@{x},Hermite polynomial $H_n$,Hermite-polynomial-H,P|F:P,$H_{n}$,http://dlmf.nist.gov/18.3#T1.t1.r28,
\HermiteH{n}@{x},Hermite polynomial $H_n$,Hermite-polynomial-H,P|F:P,$H_{n}$,http://dlmf.nist.gov/18.3#T1.t1.r28,
\HermiteHe{n}@{x},Hermite polynomial $He_n$,Hermite-polynomial-He,P|F:P,$\mathit{He}_{n}$,http://dlmf.nist.gov/18.3#T1.t1.r29,
\HeunFunction{m}{a}{b}@@{a}{q}{\alpha}{\beta}{\gamma}{\delta}{z},Heun functions $(a;b)Hf_m^\nu$,Heun-function,F|FO:PO:nPO:FnO:PnO:nPnO,"$(s_1,s_2)\mathit{Hf}_{m}^\nu$",http://dlmf.nist.gov/31.4#p1,
\HeunLocal@@{a}{q}{\alpha}{\beta}{\gamma}{\delta}{z},Heun functions $Hl$,Heun-local,F|F:P:nP,$\mathit{H\!\ell}$,http://dlmf.nist.gov/31.3#E1,
\HeunPolynom{n}{m}@@{a}{q}{-n}{\beta}{\gamma}{\delta}{z},Heun polynomial,Heun-polynomial-m,P|F:P:nP,"$\mathit{Hp}_{n,m}$",http://dlmf.nist.gov/31.5#E2,
\HilbertTrans@{f}{x},Hilbert transform,Hilbert-transform,O|F:P,$\mathcal{H}$,http://dlmf.nist.gov/1.14#SS5.p1,
\HurwitzZeta@{s}{a},Hurwitz zeta function,Hurwitz-zeta,F|F:P,$\zeta$,http://dlmf.nist.gov/25.11#E1,
\HyperPsi@{a}{b}{\Matrix{T}},confluent hypergeometric function of matrix argument of the second kind,confluent-hypergeometric-of-matrix-Psi,F|F:P,$\Psi$,http://dlmf.nist.gov/35.6#E2,
\HyperboldpFq{p}{q}@@@{\Vector{a}}{\Vector{b}}{z},scaled (or Olver's) generalized hypergeometric function,hypergeometric-bold-pFq,F|F:fo1:fo2:fo3,${{}_{p}{\mathbf{F}}_{q}}$,http://dlmf.nist.gov/16.2#E5,
\HypergeoF@@@{a}{b}{c}{z},hypergeometric function,Gauss-hypergeometric-F,F|F:fo1:fo2:fo3,$F$,http://dlmf.nist.gov/15.2#E1,
\HypergeoboldF@@@{a}{b}{c}{z},Olver's hypergeometric function,scaled-hypergeometric-bold-F,F|F:fo1:fo2:fo3,$\mathbf{F}$,http://dlmf.nist.gov/15.2#E2,
"\HyperpFq{p}{q}@@@{a_1,...,a_p}{b_1,...,b_q}{z}",generalized hypergeometric function,Gauss-hypergeometric-pFq,F|F:fo1:fo2:fo3,${{}_{p}F_{q}}$,http://dlmf.nist.gov/16.2#E1,
"\HyperpHq{p}{q}@@@{{a_1,...,a_p}{b_1,...,b_q}{z}",bilateral hypergeometric function,hypergeometric-pHq,F|F:fo1:fo2:fo3,${{}_{p}H_{q}}$,http://dlmf.nist.gov/16.4#E16,
\IncBeta{x}@{a}{b},incomplete beta function,incomplete-Beta,F|F:P,$\mathrm{B}_{x}$,http://dlmf.nist.gov/8.17#E1,
\IncGamma@{a}{z},incomplete gamma function $\Gamma$,incomplete-Gamma,F|F:P,$\Gamma$,http://dlmf.nist.gov/8.2#E2,
\IncI{x}@{a}{b},regularized incomplete beta function,IncI,F|F:P,$I_{x}$,http://dlmf.nist.gov/8.17#E2,
\Int{a}{b}@{x}{f(x)},semantic definite integral,semantic-definite-integral,SM|O,"$\int_{a}^{b}f(x){\mathrm d}\!x$",http://drmf.wmflabs.org/wiki/Definition:Int,
\Integer,set of integers,EMPTY,SN|F,$\mathbb{Z}$,http://dlmf.nist.gov/front/introduction#Sx4.p2.t1.r20,
\IntgenAiryA{k}@{z}{p},generalized Airy function from integral representation $A_k$,Integral-generalized-Airy-A,F|F:P,$A_{k}$,http://dlmf.nist.gov/9.13#SS2.p1,
\IntgenAiryB{k}@{z}{p},generalized Airy function from integral representation $B_k$,Integral-generalized-Airy-B,F|F:P,$B_{k}$,http://dlmf.nist.gov/9.13#SS2.p1,
\JacksonqBesselI{\nu}@{z}{q},Jackson $q$-Bessel function 1,EMPTY,F|F:P,$J^{(1)}_{q}$,http://drmf.wmflabs.org/wiki/Definition:JacksonqBesselI,
\JacksonqBesselII{\nu}@{z}{q},Jackson $q$-Bessel function 2,EMPTY,F|F:P,$J^{(2)}_{q}$,http://drmf.wmflabs.org/wiki/Definition:JacksonqBesselII,
\JacksonqBesselIII{\nu}@{z}{q},Jackson/Hahn-Exton $q$-Bessel function 3,EMPTY,F|F:P,$J^{(3)}_{q}$,http://drmf.wmflabs.org/wiki/Definition:JacksonqBesselIII,
\Jacobi{\alpha}{\beta}{n}@{x},Jacobi polynomial,Jacobi-polynomial-P,P|F:P,"$P^{(\alpha,\beta)}_{n}$",http://dlmf.nist.gov/18.3#T1.t1.r3,
\JacobiEpsilon@{x}{k},Jacobi's epsilon function,Jacobi-Epsilon,F|F:P,$\mathcal{E}$,http://dlmf.nist.gov/22.16#E14,
\JacobiG{n}@{p}{q}{x},shifted Jacobi polynomial,shifted-Jacobi-polynomial-G,P|F:P,$G_{n}$,http://dlmf.nist.gov/18.1#E2,
\JacobiP{\alpha}{\beta}{n}@{x},Jacobi polynomial,Jacobi-polynomial-P,P|F:P,"$P^{(\alpha,\beta)}_{n}$",http://dlmf.nist.gov/18.3#T1.t1.r3,
\JacobiSymbol{n}{P},Jacobi symbol,Jacobi-symbol,I|F,$(n|P)$,http://dlmf.nist.gov/27.9#p3,
\JacobiTheta{j}@{z}{q},Jacobi theta function,Jacobi-theta,F|F:P,$\theta_{p}$,http://dlmf.nist.gov/20.2#i,
\JacobiThetaCombined{n}{m}@{z}{q},combined theta function,Jacobi-theta-combined,F|F:P,"$\varphi_{m,n}$",http://dlmf.nist.gov/20.11#SS5.p2,
\JacobiThetaTau{j}@{z}{\tau},Jacobi theta $\tau$ function $\theta_j$,Jacobi-theta-tau,F|F:P,$\theta_{p}$,http://dlmf.nist.gov/20.2#i,
\JacobiZeta@{x}{k},Jacobi's zeta function,Jacobi-Zeta,F|F:P,$\mathrm{Z}$,http://dlmf.nist.gov/22.16#E32,
\Jacobiam@@{x}{k},Jacobi's amplitude function ${\rm am}$,Jacobi-elliptic-amplitude,F|F:P:nP,$\mathrm{am}$,http://dlmf.nist.gov/23.1,
\Jacobicd@@{z}{k},Jacobian elliptic function ${\rm cd}$,Jacobi-elliptic-cd,F|F:P:nP,$\mathrm{cd}$,http://dlmf.nist.gov/22.2#E8,
\Jacobicn@@{z}{k},Jacobian elliptic function ${\rm cn}$,Jacobi-elliptic-cn,F|F:P:nP,$\mathrm{cn}$,http://dlmf.nist.gov/22.2#E5,
\Jacobics@@{z}{k},Jacobian elliptic function ${\rm cs}$,Jacobi-elliptic-cs,F|F:P:nP,$\mathrm{cs}$,http://dlmf.nist.gov/23.1,
\Jacobidc@@{z}{k},Jacobian elliptic function ${\rm dc}$,Jacobi-elliptic-dc,F|F:P:nP,$\mathrm{dc}$,http://dlmf.nist.gov/23.1,
\Jacobidn@@{z}{k},Jacobian elliptic function ${\rm dn}$,Jacobi-elliptic-dn,F|F:P:nP,$\mathrm{dn}$,http://dlmf.nist.gov/22.2#E6,
\Jacobids@@{z}{k},Jacobian elliptic function ${\rm ds}$,Jacobi-elliptic-ds,F|F:P:nP,$\mathrm{ds}$,http://dlmf.nist.gov/23.1,
\Jacobinc@@{z}{k},Jacobian elliptic function ${\rm nc}$,Jacobi-elliptic-nc,F|F:P:nP,$\mathrm{nc}$,http://dlmf.nist.gov/23.1,
\Jacobind@@{z}{k},Jacobian elliptic function ${\rm nd}$,Jacobi-elliptic-nd,F|F:P:nP,$\mathrm{nd}$,http://dlmf.nist.gov/23.1,
\Jacobins@@{z}{k},Jacobian elliptic function ${\rm ns}$,Jacobi-elliptic-ns,F|F:P:nP,$\mathrm{ns}$,http://dlmf.nist.gov/23.1,
\Jacobiphi{\alpha}{\beta}{\lambda}@{t},Jacobi function,Jacobi-hypergeometric-phi,F|F:P,"$\phi^{(\alpha,\beta)}_{\lambda}$",http://dlmf.nist.gov/15.9#E11,
\Jacobisc@@{z}{k},Jacobian elliptic function ${\rm sc}$,Jacobi-elliptic-sc,F|F:P:nP,$\mathrm{sc}$,http://dlmf.nist.gov/22.2#E9,
\Jacobisd@@{z}{k},Jacobian elliptic function ${\rm sd}$,Jacobi-elliptic-sd,F|F:P:nP,$\mathrm{sd}$,http://dlmf.nist.gov/22.2#E7,
\Jacobisn@@{z}{k},Jacobian elliptic function ${\rm sn}$,Jacobi-elliptic-sn,F|F:P:nP,$\mathrm{sn}$,http://dlmf.nist.gov/22.2#E4,
\JonquierePhi@{z}{s}=\Polylogarithm{s}@{z},Jonquiére's function,Jonquiere-phi,F|F:P,$\phi$,http://dlmf.nist.gov/23.1,
\JordanJ{k}@{n},Jordan's function,Jordan-J,F|F:P,$J_{k}$,http://dlmf.nist.gov/27.2#E11,
\Kelvinbei{\nu}@@{x},Kelvin function ${\rm bei}_\nu$,Kelvin-bei,F|F:P:nP,$\mathrm{bei}_{\nu}$,http://dlmf.nist.gov/10.61#E1,
\Kelvinber{\nu}@@{x},Kelvin function ${\rm ber}_\nu$,Kelvin-ber,F|F:P:nP,$\mathrm{ber}_{\nu}$,http://dlmf.nist.gov/10.61#E1,
\Kelvinkei{\nu}@@{x},Kelvin function ${\rm kei}_\nu$,Kelvin-kei,F|F:P:nP,$\mathrm{kei}_{\nu}$,http://dlmf.nist.gov/10.61#E2,
\Kelvinker{\nu}@@{x},Kelvin function ${\rm ker}_\nu$,Kelvin-ker,F|F:P:nP,$\mathrm{ker}_{\nu}$,http://dlmf.nist.gov/10.61#E2,
\Krawtchouk{n}@{x}{p}{N},Krawtchouk polynomial,Krawtchouk-polynomial-K,P|F:P,$K_{n}$,http://dlmf.nist.gov/18.19#T1.t1.r6,
\KrawtchoukK{n}@{x}{p}{N},Krawtchouk polynomial,Krawtchouk-polynomial-K,P|F:P,$K_{n}$,http://dlmf.nist.gov/18.19#T1.t1.r6,
\Kronecker{j}{k},Kronecker delta,EMPTY,I|F,"$\delta_{m,n}$",http://dlmf.nist.gov/front/introduction#Sx4.p1.t1.r4,
\KummerM@{a}{b}{z},Kummer confluent hypergeometric function $M$,Kummer-confluent-hypergeometric-M,F|F:P,$M$,http://dlmf.nist.gov/13.2#E2,
\KummerU@{a}{b}{z},Kummer confluent hypergeometric function $U$,Kummer-confluent-hypergeometric-U,F|F:P,$U$,http://dlmf.nist.gov/13.2#E6,
\KummerboldM@{a}{b}{z},Olver's confluent hypergeometric function,Kummer-confluent-hypergeometric-bold-M,F|F:P,${\mathbf{M}}$,http://dlmf.nist.gov/13.2#E3,
\Laguerre[\alpha]{n}@{x},Laguerre (or generalized Laguerre) polynomial,generalized-Laguerre-polynomial-L,P|FnO:PnO:FO:PO,$L_n^{(\alpha)}$,http://dlmf.nist.gov/18.3#T1.t1.r27,
\LaguerreL[\alpha]{n}@{x},Laguerre (or generalized Laguerre) polynomial,generalized-Laguerre-polynomial-L,P|FnO:PnO:FO:PO,$L_n^{(\alpha)}$,http://dlmf.nist.gov/18.3#T1.t1.r27,
\LambertW@{x},Lambert $\LambertW$-function,Lambert-W,F|F:P,$W$,http://dlmf.nist.gov/23.1,
\LambertWm@{x},non-principal branch of Lambert $\LambertW$-function,Lambert-Wm,F|F:P,$\mathrm{Wm}$,http://dlmf.nist.gov/4.13#p2,
\LambertWp@{x},principal branch of Lambert $\LambertW$-function,Lambert-Wp,F|F:P,$\mathrm{Wp}$,http://dlmf.nist.gov/23.1,
\LameEc{m}{\nu}@{z}{k^2},Lamé function $Ec_\nu^m$,Lame-Ec,F|F:P,$\mathit{Ec}^{m}_{\nu}$,http://dlmf.nist.gov/23.1,
\LameEs{m}{\nu}@{z}{k^2},Lamé function $Es_\nu^m$,Lame-Es,F|F:P,$\mathit{Es}^{m}_{\nu}$,http://dlmf.nist.gov/23.1,
\Lamea{n}{\nu}@{k^2},eigenvalues of Lamé's equation $a_\nu^m$,Lame-eigenvalue-a,F|F:P,$a^{n}_{\nu}$,http://dlmf.nist.gov/29.3#SS1.p1,
\Lameb{n}{\nu}@{k^2},eigenvalues of Lamé's equation $b_\nu^m$,Lame-eigenvalue-b,F|F:P,$b^{n}_{\nu}$,http://dlmf.nist.gov/29.3#SS1.p1,
\LamecE{m}{2n+1}@{z}{k^2},Lamé polynomial $cE_{2n+1}^m$,Lame-polynomial-cE,P|F:P,$\mathit{cE}^{m}_{\nu}$,http://dlmf.nist.gov/23.1,
\LamecdE{m}{2n+2}@{z}{k^2},Lamé polynomial $cdE_{2n+2}^m$,Lame-polynomial-cdE,P|F:P,$\mathit{cdE}^{m}_{\nu}$,http://dlmf.nist.gov/23.1,
\LamedE{m}{2n+1}@{z}{k^2},Lamé polynomial $dE_{2n+1}^m$,Lame-polynomial-dE,P|F:P,$\mathit{dE}^{m}_{\nu}$,http://dlmf.nist.gov/29.12#E4,
\LamesE{m}{2n+1}@{z}{k^2},Lamé polynomial $sE_{2n+1}^m$,Lame-polynomial-sE,P|F:P,$\mathit{sE}^{m}_{\nu}$,http://dlmf.nist.gov/29.12#E2,
\LamescE{m}{2n+2}@{z}{k^2},Lamé polynomial $scE_{2n+2}^m$,Lame-polynomial-scE,P|F:P,$\mathit{scE}^{m}_{\nu}$,http://dlmf.nist.gov/29.12#E5,
\LamescdE{m}{2n+3}@{z}{k^2},Lamé polynomial $scdE_{2n+3}^m$,Lame-polynomial-scdE,P|F:P,$\mathit{scdE}^{m}_{\nu}$,http://dlmf.nist.gov/29.12#E8,
\LamesdE{m}{2n+2}@{z}{k^2},Lamé polynomial $sdE_{2n+2}^m$,Lame-polynomial-sdE,P|F:P,$\mathit{sdE}^{m}_{\nu}$,http://dlmf.nist.gov/29.12#E6,
\LameuE{m}{2n}@{z}{k^2},Lamé polynomial $uE_{2n}^m$,Lame-polynomial-uE,P|F:P,$\mathit{uE}^{m}_{\nu}$,http://dlmf.nist.gov/29.12#E1,
\LaplaceTrans@{f}{s},Laplace transform,Laplace-transform,O|F:P,$\mathscr{L}$,http://dlmf.nist.gov/1.14#E17,
\Lattice{L},lattice in $\Complex$,EMPTY,SN|F,$\mathbb{L}$,http://dlmf.nist.gov/23.2#i,
"\LauricellaFD@{a}{b_1,...,b_n}{c}{z_1,...,z_n}",Lauricella's multivariate hypergeometric function,Lauricella-FD,F|F:P,$F_D$,http://dlmf.nist.gov/19.15#p1,
\LegendreBlackQ[\mu]{\nu}@{z},Olver's associated Legendre function,associated-Legendre-black-Q,F|FO:PO:FnO:PnO,$\boldsymbol{Q}_\nu^\mu$,http://dlmf.nist.gov/14.3#E10,
\LegendreP[\mu]{\nu}@{z},associated Legendre function of the first kind,Legendre-P-first-kind,F|FO:PO:FnO:PnO,$P_\nu^\mu$,http://dlmf.nist.gov/14.3#E6,
\LegendrePoly{n}@{x},Legendre polynomial,Legendre-spherical-polynomial,P|F:P,$P_{n}$,http://dlmf.nist.gov/18.3#T1.t1.r25,
\LegendrePolys{n}@{x},shifted Legendre polynomial,shifted-spherical-Legendre-polynomial-s,P|F:P,$P^{*}_{n}$,http://dlmf.nist.gov/18.3#T1.t1.r26,
\LegendreQ[\mu]{\nu}@{z},associated Legendre function of the second kind,Legendre-Q-second-kind,F|FO:PO:FnO:PnO,$Q_\nu^\mu$,http://dlmf.nist.gov/14.3#E7,
\LegendreSymbol{n}{p},Legendre symbol,Legendre-symbol,I|F,$(n|p)$,http://dlmf.nist.gov/27.9,
\LerchPhi@{z}{s}{a},Lerch's transcendent,Lerch-Phi,F|F:P,$\Phi$,http://dlmf.nist.gov/25.14#E1,
\LeviCivita{j}{k}{\ell},Levi-Civita symbol,EMPTY,I|F,$\epsilon_{jkl}$,http://dlmf.nist.gov/1.6#E14,
\LinBrF@{a}{u},line-broadening function,line-broadening-function,F|F:P,$H$,http://dlmf.nist.gov/7.19#E4,
\LiouvilleLambda@{n},Liouville's function,Liouville-lambda,F|F:P,$\lambda$,http://dlmf.nist.gov/27.2#E13,
\Ln@@{z},general logarithm function,multivalued-natural-logarithm,F|F:P:nP,$\mathrm{Ln}$,http://dlmf.nist.gov/4.2#E1,
\LogInt@{x},logarithmic integral,logarithmic-integral,F|F:P,$\mathrm{li}$,http://dlmf.nist.gov/6.2#E8,
\LommelS{\mu}{\nu}@{z},"Lommel function $S$",Lommel-S,F|F:P,"$S_{{\mu},{\nu}}$",http://dlmf.nist.gov/11.9#E5,
\Lommels{\mu}{\nu}@{z},"Lommel function $s$",Lommel-s,F|F:P,"$s_{{\mu},{\nu}}$",http://dlmf.nist.gov/11.9#E3,
\Longleftrightarrow,is equivalent to,equivalent-to,SM|F,$\Longleftrightarrow $,http://dlmf.nist.gov/front/introduction#Sx4.p1.t1.r13,
\Longrightarrow,implies,EMPTY,SM|F,$\Longrightarrow$,http://dlmf.nist.gov/front/introduction#Sx4.p1.t1.r12,
\MangoldtLambda@{n},Mangoldt's function,Mangoldt-Lambda,F|F:P,$\Lambda$,http://dlmf.nist.gov/27.2#E14,
\MathieuCe{\nu}@@{z}{q},modified Mathieu function ${\rm Ce}_\nu$,modified-Mathieu-Ce,F|F:P:nP,$\mathrm{Ce}_{n}$,http://dlmf.nist.gov/28.20#E3,
\MathieuD{j}@{\nu}{\mu}{z},cross-products of modified Mathieu functions and their derivatives ${\rm D}_{j}$,Mathieu-D,F|F:P,$\mathrm{D}_{j}$,http://dlmf.nist.gov/28.28#E24,
\MathieuDc{j}@{n}{m}{z},cross-products of radial Mathieu functions and their derivatives ${\rm Dc}_j$,Mathieu-Dc,F|F:P,$\mathrm{Dc}_{j}$,http://dlmf.nist.gov/28.28#E39,
\MathieuDs{j}@{n}{m}{z},cross-products of radial Mathieu functions and their derivatives ${\rm Ds}_j$,Mathieu-Ds,F|F:P,$\mathrm{Ds}_{j}$,http://dlmf.nist.gov/28.28#E35,
\MathieuDsc{j}@{n}{m}{z},cross-products of radial Mathieu functions and their derivatives ${\rm Dsc}_j$,Mathieu-Dsc,F|F:P,$\mathrm{Dsc}_{j}$,http://dlmf.nist.gov/28.28#E40,
\MathieuEigenvaluea{n}@@{q},eigenvalues of Mathieu equation $a_n(q)$,Mathieu-eigenvalue-a,F|F:P:nP,$a_{n}$,http://dlmf.nist.gov/28.2#SS5.p1,
\MathieuEigenvalueb{n}@@{q},eigenvalues of Mathieu equation $b_n(q)$,Mathieu-eigenvalue-b,F|F:P:nP,$b_{n}$,http://dlmf.nist.gov/28.2#SS5.p1,
\MathieuEigenvaluelambda{\nu+2n}@@{q},eigenvalues of Mathieu equation $\lambda_\nu(q)$,Mathieu-eigenvalue-lambda,F|F:P:nP,$\lambda_{\nu}$,http://dlmf.nist.gov/28.12#SS1.p2,
\MathieuFc{m}@{z}{h},Mathieu function ${\rm Fc}_m$,Mathieu-Fc,F|F:P,$\mathrm{Fc}_{m}$,http://dlmf.nist.gov/23.1,
\MathieuFe{n}@@{z}{q},modified Mathieu function ${\rm Fe}_n$,modified-Mathieu-Fe,F|F:P:nP,$\mathrm{Fe}_{n}$,http://dlmf.nist.gov/28.20#E6,
\MathieuFs{m}@{z}{h},Mathieu function ${\rm Fs}_m$,Mathieu-Fs,F|F:P,$\mathrm{Fs}_{m}$,http://dlmf.nist.gov/23.1,
\MathieuGc{m}@{z}{h},Mathieu function ${\rm Gc}_m$,Mathieu-Gc,F|F:P,$\mathrm{Gc}_{m}$,http://dlmf.nist.gov/23.1,
\MathieuGe{n}@@{z}{q},modified Mathieu function ${\rm Ge}_n$,modified-Mathieu-Ge,F|F:P:nP,$\mathrm{Ge}_{n}$,http://dlmf.nist.gov/28.20#E7,
\MathieuGs{m}@{z}{h},Mathieu function ${\rm Gs}_m$,Mathieu-Gs,F|F:P,$\mathrm{Gs}_{m}$,http://dlmf.nist.gov/23.1,
\MathieuIe{n}@@{z}{h},modified Mathieu function ${\rm Ie}_n$,modified-Mathieu-Ie,F|F:P:nP,$\mathrm{Ie}_{n}$,http://dlmf.nist.gov/28.20#E17,
\MathieuIo{n}@@{z}{h},modified Mathieu function ${\rm Io}_n$,modified-Mathieu-Io,F|F:P:nP,$\mathrm{Io}_{n}$,http://dlmf.nist.gov/28.20#E18,
\MathieuKe{n}@@{z}{h},modified Mathieu function ${\rm Ke}_n$,modified-Mathieu-Ke,F|F:P:nP,$\mathrm{Ke}_{n}$,http://dlmf.nist.gov/28.20#E19,
\MathieuKo{n}@@{z}{h},modified Mathieu function ${\rm Ko}_n$,modified-Mathieu-Ko,F|F:P:nP,$\mathrm{Ko}_{n}$,http://dlmf.nist.gov/28.20#E20,
\MathieuM{j}{\nu}@@{z}{h},modified Mathieu function ${\rm M}_\nu^{(j)}$,modified-Mathieu-M,F|F:P:nP,${\mathrm{M}^{(j)}_{\nu}}$,http://dlmf.nist.gov/23.1,
\MathieuMc{j}{n}@@{z}{h},radial Mathieu function ${\rm Mc}_n^{(j)}$,modified-Mathieu-Mc,F|F:P:nP,${\mathrm{Mc}^{(j)}_{\nu}}$,http://dlmf.nist.gov/28.20#E15,
\MathieuMe{\nu}@@{z}{q},modified Mathieu function ${\rm Me}_\nu$,modified-Mathieu-Me,F|F:P:nP,$\mathrm{Me}_{n}$,http://dlmf.nist.gov/28.20#E5,
\MathieuMs{j}{n}@@{z}{h},radial Mathieu function ${\rm Ms}_n^{(j)}$,modified-Mathieu-Ms,F|F:P:nP,${\mathrm{Ms}^{(j)}_{\nu}}$,http://dlmf.nist.gov/28.20#E16,
\MathieuSe{\nu}@@{z}{q},modified Mathieu function ${\rm Se}_\nu$,modified-Mathieu-Se,F|F:P:nP,$\mathrm{Se}_{n}$,http://dlmf.nist.gov/28.20#E4,
\Mathieuce{n}@@{z}{q},Mathieu function ${\rm ce}_\nu$,Mathieu-ce,F|F:P:nP,$\mathrm{ce}_{n}$,http://dlmf.nist.gov/23.1,
\Mathieufe{n}@@{z}{q},second solution of Mathieu's equation ${\rm fe}_n$,Mathieu-fe,F|F:P:nP,$\mathrm{fe}_{n}$,http://dlmf.nist.gov/28.5#E1,
\Mathieuge{n}@@{z}{q},second solution of Mathieu's equation ${\rm ge}_n$,Mathieu-ge,F|F:P:nP,$\mathrm{ge}_{n}$,http://dlmf.nist.gov/28.5#E2,
\Mathieume{n}@@{z}{q},Mathieu function ${\rm me}_\nu$,Mathieu-me,F|F:P:nP,$\mathrm{me}_{\nu}$,http://dlmf.nist.gov/23.1,
\Mathieuse{n}@@{z}{q},Mathieu function ${\rm se}_\nu$,Mathieu-se,F|F:P:nP,$\mathrm{se}_{\nu}$,http://dlmf.nist.gov/23.1,
\Matrix{I},Bessel function of matrix argument (first kind),EMPTY,F|F,$\Matrix{T}$,http://dlmf.nist.gov/front/introduction#Sx4.p2.t1.r9,
\MeijerG{m}{n}{p}{q}@@@{z}{\Vector{a}}{\Vector{b}},Meijer $G$-function,Meijer-G,F|F:fo1:fo2:fo3,"${G^{m,n}_{p,q}}$",http://dlmf.nist.gov/16.17#E1,
\Meixner{n}@{x}{\beta}{c},Meixner polynomial,Meixner-polynomial-M,P|F:P,$M_{n}$,http://dlmf.nist.gov/18.19#T1.t1.r9,
\MeixnerM{n}@{x}{\beta}{c},Meixner polynomial,Meixner-polynomial-M,P|F:P,$M_{n}$,http://dlmf.nist.gov/18.19#T1.t1.r9,
\MeixnerPollaczek{\lambda}{n}@{x}{\phi},Meixner-Pollaczek polynomial,Meixner-Pollaczek-polynomial-P,P|F:P,$P^{(\alpha)}_{n}$,http://dlmf.nist.gov/18.19#P3.p1,
\MeixnerPollaczekP{\lambda}{n}@{x}{\phi},Meixner-Pollaczek polynomial,Meixner-Pollaczek-polynomial-P,P|F:P,$P^{(\alpha)}_{n}$,http://dlmf.nist.gov/18.19#P3.p1,
\MellinTrans@{f}{s},Mellin transform,Mellin-transform,O|F:P,$\mathscr{M}$,http://dlmf.nist.gov/1.14#E32,
\Mills@{x},Mills ratio ${\sf M}$,Mills-ratio,F|F:P,$\mathsf{M}$,http://dlmf.nist.gov/7.8#E1,
\MittagLeffler{a}{b}@{z},Mittag-Leffler function,Mittag-Leffler-function,F|F:P,"$E_{a,b}$",http://dlmf.nist.gov/10.46#E3,
\ModCylinder{\nu}@{z},modified cylinder function,modified-cylinder-function,F|F:P,$\mathscr{Z}_{\nu}$,http://dlmf.nist.gov/10.25#P2.p1,
\ModularJ@{\tau},Klein's complete invariant,Kleins-invariant-modular-J,F|F:P,$J$,http://dlmf.nist.gov/23.15#E7,
\ModularLambda@{\tau},elliptic modular function,modular-Lambda,F|F:P,$\lambda$,http://dlmf.nist.gov/23.15#E6,
\MoebiusMu@{n},Möbius function,Moebius-mu,F|F:P,$\mu$,http://dlmf.nist.gov/27.2#E12,
\NatNumber,set of positive integers,EMPTY,SN|F,$\mathbb{N}$,http://dlmf.nist.gov/front/introduction#Sx4.p2.t1.r11,
\NeumannFactor{n},Neumann factor,Neumann-factor,I|F,$\epsilon_{m}$,http://drmf.wmflabs.org/wiki/Definition:NeumannFactor,
\NeumannPoly{n}@{x},Neumann's polynomial,Neumann-polynomial,P|F:P,$O_{k}$,http://dlmf.nist.gov/10.23#E12,
\NumPrimeDivNu@{n},$\nu(n)$ : number of distinct primes dividing $n$,number-of-primes-dividing-nu,I|F:P,$\nu$,http://dlmf.nist.gov/27.2#SS1.p1,
\NumPrimesLessPi@{x},number of primes not exceeding $x$,number-of-primes-less-pi,I|F:P,$\pi$,http://dlmf.nist.gov/27.2#E2,
\NumSquaresR{k}@{n},number of squares,number-of-squares-R,I|F:P,$r_{k}$,http://dlmf.nist.gov/27.13#SS4.p1,
\ODEgenAiryA{n}@{z},generalized Airy function from differential equation $A_n$,ODE-generalized-Airy-A,F|F:P,$A_{n}$,http://dlmf.nist.gov/9.13#SS1.p2,
\ODEgenAiryB{n}@{z},generalized Airy function from differential equation $B_n$,ODE-generalized-Airy-B,F|F:P,$B_{n}$,http://dlmf.nist.gov/9.13#SS1.p2,
\Pade{p}{q}{f},Padé approximant,Pade-approximant,O|F,${[p/q]_{f}}$,http://dlmf.nist.gov/3.11#SS4.p1,
\ParabolicU@{a}{z},parabolic cylinder function $U$,parabolic-U,F|F:P,$U$,http://dlmf.nist.gov/12.4.E1,
\ParabolicUbar@{a}{x},parabolic cylinder function $\overline{U}$,parabolic-U-bar,F|F:P,$\overline{U}$,http://dlmf.nist.gov/12.2.21,
\ParabolicV@{a}{z},parabolic cylinder function $V$,parabolic-V,F|F:P,$V$,http://dlmf.nist.gov/12.4.E2,
\ParabolicW@{a}{x},parabolic cylinder function $W$,parabolic-W,F|F:P,$W$,http://dlmf.nist.gov/12.14.i,
\PartitionsP[k]@{n},total number of partitions,partition-function,I|F:F:P:P,$p_{k}$,http://dlmf.nist.gov/26.2#P4.p2,
\PeriodicBernoulliB{n}@{x},periodic Bernoulli functions,periodic-Bernoulli-polynomial-B,F|F:P,$\widetilde{B}_{n}$,http://dlmf.nist.gov/24.2#iii,
\PeriodicEulerE{n}@{x},periodic Euler functions,periodic-Euler-polynomial-E,F|F:P,$\widetilde{E}_{n}$,http://dlmf.nist.gov/24.2#iii,
\PeriodicZeta@{x}{s},periodic zeta function,periodic-zeta,F|F:P,$F$,http://dlmf.nist.gov/25.13#E1,
\Permutations{n},"set of permutations of ${\bf n}$",set-of-permutations,SN|F,$\mathfrak{S}_{n}$,http://dlmf.nist.gov/23.1,
\PlanePartitionsPP@{n},number of plane partitions of $n$,plane-partitions-PP,I|F:P,$\mathit{pp}$,http://dlmf.nist.gov/26.12#SS1.p4,
\PollaczekP{\lambda}{n}@{x}{a}{b},Pollaczek polynomial,Pollaczek-polynomial-P,P|F:P,$P^{(\lambda)}_{n}$,http://dlmf.nist.gov/18.35#E4,
\Polylogarithm{s}@{z},polylogarithm,polylogarithm,F|F:P,$\mathrm{Li}_{s}$,http://dlmf.nist.gov/25.12#E10,
\Prod{n}{k1}{k2}@{f(n)},semantic product,EMPTY,SM|O:O,$\prod_{n=\alpha}^{\beta}$,http://drmf.wmflabs.org/wiki/Definition:Prod,
\Racah{n}@{x}{\alpha}{\beta}{\gamma}{\delta},Racah polynomial,Racah-polynomial-R,P|F:P,$R_{n}$,http://dlmf.nist.gov/18.25#T1.t1.r4,
\RacahR{n}@{x}{\alpha}{\beta}{\gamma}{\delta},Racah polynomial,Racah-polynomial-R,P|F:P,$R_{n}$,http://dlmf.nist.gov/18.25#T1.t1.r4,
\RamanujanSum{k}@{n},Ramanujan's sum,Ramanujan-sum,F|F:P,$c_{k}$,http://dlmf.nist.gov/27.10#E4,
\RamanujanTau@{n},Ramanujan's tau function,Ramanujan-tau,F|F:P,$\tau$,http://dlmf.nist.gov/27.14#E18,
\Rational,set of rational numbers,EMPTY,SN|F,$\mathbb{Q}$,http://dlmf.nist.gov/front/introduction#Sx4.p2.t1.r13,
\RayleighFun{n}@{\nu},Rayleigh function,Rayleigh-function,F|F:P,$\sigma_{n}$,http://dlmf.nist.gov/10.21#E55,
\Real,set of real numbers,EMPTY,SN|F,$\mathbb{R}$,http://dlmf.nist.gov/front/introduction#Sx4.p2.t1.r14,
\RepInterfc{n}@{z},repeated integrals of the complementary error function,repeated-integral-complementary-error-function,F|F:P,$\mathrm{i}^{n}\mathrm{erfc}$,http://dlmf.nist.gov/7.18#E2,
\Residue,residue,EMPTY,O|F,$\mathrm{res}$,http://dlmf.nist.gov/1.10#SS3.p5,
\RestrictedCompositionsC@{\mathrm{condition}}{n},restricted number of compositions,restricted-number-of-compositions-C,I|F:P,$c_{m}$,http://dlmf.nist.gov/26.11#p1,
\RestrictedPartitionsP[k]@{\mathrm{condition}}{n},restricted number of partitions,restricted-partitions-P,I|F:F:P:P,$p_{k}$,http://dlmf.nist.gov/26.10#i,
\RiemannP@{\begin{Bmatrix} \alpha & \beta &\gamma & \\ a_1 & b_1 & c_1 & z \\ a_2 & b_2 & c_2 & \end{Bmatrix}},Riemann-Papperitz $\RiemannP$-symbol for solutions of the generalized hypergeometric differential equation,Riemann-P-symbol,Q|F:P,$P$,http://dlmf.nist.gov/15.11#E3,
\RiemannTheta@{\Vector{z}}{\Matrix{\Omega}},Riemann theta function,Riemann-theta,F|F:P,$\theta$,http://dlmf.nist.gov/21.2#E1,
\RiemannThetaChar{\Vector{\alpha}}{\Vector{\beta}}@{\Vector{z}}{\Matrix{\Omega}},Riemann theta function with characteristics,Riemann-theta-characterstics,F|F:P,$\theta\left[\Vector{\alpha} \atop \Vector{\beta} \right]$,http://dlmf.nist.gov/21.2#E5,
\RiemannThetaHat@{\Vector{z}}{\Matrix{\Omega}},scaled Riemann theta function,Riemann-theta-hat,F|F:P,$\hat{\theta}$,http://dlmf.nist.gov/21.2#E2,
\RiemannXi@{s},Riemann's $\RiemannXi$-function,Riemann-xi,F|F:P,$\xi$,http://dlmf.nist.gov/25.4#E4,
\RiemannZeta@{s},Riemann zeta function,Riemann-zeta,F|F:P,$\zeta$,http://dlmf.nist.gov/25.2#E1,
\Schwarzian{z}{\zeta},Schwarzian derivative,EMPTY,O|F,"$\left\{f,g\right\}$",http://dlmf.nist.gov/1.13#E20,
\ScorerGi@{z},Scorer function (inhomogeneous Airy function) ${\rm Gi}$,Scorer-Gi,F|F:P,$\mathrm{Gi}$,http://dlmf.nist.gov/9.12#i,
\ScorerHi@{z},Scorer function (inhomogeneous Airy function) ${\rm Hi}$,Scorer-Hi,F|F:P,$\mathrm{Hi}$,http://dlmf.nist.gov/9.12#i,
\SinCosIntf@{z},auxiliary function for sine and cosine integrals ${\rm f}$,sine-cosine-integral-f,F|F:P,$\mathrm{f}$,http://dlmf.nist.gov/6.2#E17,
\SinCosIntg@{z},auxiliary function for sine and cosine integrals ${\rm g}$,sine-cosine-integral-g,F|F:P,$\mathrm{g}$,http://dlmf.nist.gov/6.2#E18,
\SinInt@{z},sine integral ${\rm Si}$,sine-integral,F|F:P,$\mathrm{Si}$,http://dlmf.nist.gov/6.2#E9,
\SinIntg@{a}{z},generalized sine integral ${\rm Si}$,generalized-sine-integral-Si,F|F:P,$\mathrm{Si}$,http://dlmf.nist.gov/8.21#E2,
\SinhInt@{z},hyperbolic sine integral,hyperbolic-sine-integral,F|F:P,$\mathrm{Shi}$,http://dlmf.nist.gov/6.2#E15,
\SphBesselIi{n}@{z},modified spherical Bessel function of the first kind ${\sf i}_n^{(1)}$,spherical-Bessel-I-1,F|F:P,${\mathsf{i}^{(1)}_{n}}$,http://dlmf.nist.gov/10.47#E7,
\SphBesselIii{n}@{z},modified spherical Bessel function of the first kind ${\sf i}_n^{(2)}$,spherical-Bessel-I-2,F|F:P,${\mathsf{i}^{(2)}_{n}}$,http://dlmf.nist.gov/10.47#E8,
\SphBesselJ{n}@{z},spherical Bessel function of the first kind ${\sf j}_n$,spherical-Bessel-J,F|F:P,$\mathsf{j}_{n}$,http://dlmf.nist.gov/10.47#E3,
\SphBesselK{n}@{z},modified spherical Bessel function of the second kind ${\sf k}_n$,spherical-Bessel-K,F|F:P,$\mathsf{k}_{n}$,http://dlmf.nist.gov/10.47#E9,
\SphBesselY{n}@{z},spherical Bessel function of the second kind ${\sf y}_n$,spherical-Bessel-Y,F|F:P,$\mathsf{y}_{n}$,http://dlmf.nist.gov/10.47#E4,
\SphHankelHi{n}@{z},spherical Hankel function of the first kind ${\sf h}_n^{(1)}$,spherical-Hankel-H-1-Bessel-third-kind,F|F:P,${\mathsf{h}^{(1)}_{n}}$,http://dlmf.nist.gov/10.47#E5,
\SphHankelHii{n}@{z},spherical Hankel function of the second kind ${\sf h}_n^{(2)}$,spherical-Hankel-H-2-Bessel-third-kind,F|F:P,${\mathsf{h}^{(2)}_{n}}$,http://dlmf.nist.gov/10.47#E6,
\SphericalHarmonicY{l}{m}@{\theta}{\phi},spherical harmonic,spherical-harmonic-Y,F|F:P,"$Y_{{\ell},{m}}$",http://dlmf.nist.gov/14.30#E1,
\SpheroidalEigenvalueLambda{m}{n}@{\gamma^2},eigenvalues of the spheroidal differential equation,spheroidal-eigenvalue-lambda,O|F:P,$\lambda^{m}_{n}$,http://dlmf.nist.gov/30.3#SS1.p1,
\SpheroidalOnCutPs{m}{n}@{x}{\gamma^2},spheroidal wave function of the first kind ${\sf Ps}_n^m$,spheroidal-wave-on-cut-Ps,F|F:P,$\mathsf{Ps}^{m}_{n}$,http://dlmf.nist.gov/30.4#i,
\SpheroidalOnCutQs{m}{n}@{x}{\gamma^2},spheroidal wave function of the second kind ${\sf Qs}_n^m$,spheroidal-wave-on-cut-Qs,F|F:P,$\mathsf{Qs}^{m}_{n}$,http://dlmf.nist.gov/30.5,
\SpheroidalPs{m}{n}@{z}{\gamma^2},spheroidal wave function of complex argument $Ps_n^m$,spheroidal-wave-Ps,F|F:P,$\mathit{Ps}^{m}_{n}$,http://dlmf.nist.gov/30.6#p1,
\SpheroidalQs{m}{n}@{z}{\gamma^2},spheroidal wave function of complex argument $Qs_n^m$,spheroidal-wave-Qs,F|F:P,$\mathit{Qs}^{m}_{n}$,http://dlmf.nist.gov/30.6#p1,
\SpheroidalRadialS{m}{j}{n}@{z}{\gamma},radial spheroidal wave function,radial-spheroidal-wave-S,F|F:P,$S^{m(j)}_{n}$,http://dlmf.nist.gov/30.11#E3,
\StieltjesConstants{n},Stieltjes constants,Stieltjes-constants,C|F,$\gamma_{n}$,http://drmf.wmflabs.org/wiki/Definition:StieltjesConstants,
\StieltjesTrans@{f}{s},Stieltjes transform,Stieltjes-transform,O|F:P,$\mathcal{S}$,http://dlmf.nist.gov/1.14#E47,
\StieltjesWigert{n}@@{x}{q},Stieltjes-Wigert polynomial,Stieltjes-Wigert-polynomial-S,P|F:P:PS,$S_{n}$,http://drmf.wmflabs.org/wiki/Definition:StieltjesWigert,
\StieltjesWigertS{n}@{x}{q},Stieltjes-Wigert polynomial,Stieltjes-Wigert-polynomial-S,P|F:P,$S_{n}$,http://dlmf.nist.gov/18.27#E18,
\StirlingS@{n}{k},Stirling number of the first kind,Stirling-number-first-kind-S,I|F:P,$s$,http://dlmf.nist.gov/26.8#SS1.p1,
\StirlingSS@{n}{k},Stirling number of the second kind,Stirling-number-second-kind-S,I|F:P,$S$,http://dlmf.nist.gov/26.8#SS1.p3,
\StruveH{\nu}@{z},Struve function ${\bf H}_{\nu}$,Struve-H,F|F:P,$\mathbf{H}_{\nu}$,http://dlmf.nist.gov/11.2#E1,
\StruveK{\nu}@{z},Struve function ${\bf K}_{\nu}$,associated-Struve-K,F|F:P,$\mathbf{K}_{\nu}$,http://dlmf.nist.gov/11.2#E5,
\StruveL{\nu}@{z},modified Struve function ${\bf L}_{\nu}$,modified-Struve-L,F|F:P,$\mathbf{L}_{\nu}$,http://dlmf.nist.gov/11.2#E2,
\StruveM{\nu}@{z},modified Struve function ${\bf M}_{\nu}$,associated-Struve-M,F|F:P,$\mathbf{M}_{\nu}$,http://dlmf.nist.gov/11.2#E6,
\Sum{n}{0}{k}@{f(n)},semantic sum,EMPTY,SM|F:P,$\sum_{n=k}^{N}$,http://drmf.wmflabs.org/wiki/Definition:Sum,
\SurfaceHarmonicY{l}{m}@{\theta}{\phi},surface harmonic of the first kind,surface-harmonic-Y,F|F:P,$Y_{l}^{m}$,http://dlmf.nist.gov/14.30#E2,
\TriangleOP{\alpha}{\beta}{\gamma}{m}{n}@{x}{y},triangle polynomial,triangle-orthogonal-polynomial-P,P|F:P,"$P^{\alpha,\beta,\gamma}_{m,n}$",http://dlmf.nist.gov/18.37#E7,
\Ultra{\lambda}{n}@{x},ultraspherical/Gegenbauer polynomial,ultraspherical-Gegenbauer-polynomial,P|F:P,$C^{\mu}_{n}$,http://dlmf.nist.gov/18.3#T1.t1.r5,
\Ultraspherical{\lambda}{n}@{x},ultraspherical (or Gegenbauer) polynomial,ultraspherical-Gegenbauer-polynomial,P|F:P,$C^{(\mu)}_{n}$,http://dlmf.nist.gov/18.3#T1.t1.r5,
\UmbilicCatE@{s}{t}{\Vector{x}},elliptic umbilic catastrophe,elliptic-umbilic-catastrophe,F|F:P,$\Phi^{(\mathrm{E})}$,http://dlmf.nist.gov/36.2#E2,
\UmbilicCatH@{s}{t}{\Vector{x}},hyperbolic umbilic catastrophe,hyperbolic-umbilic-catastrophe,F|F:P,$\Phi^{(\mathrm{H})}$,http://dlmf.nist.gov/36.2#E3,
\VariationalOp[a;b]@{f},total variation,variational-operator,F|FO:PO:FnO:PnO,"$\mathcal{V}_{a,b}$",http://dlmf.nist.gov/1.4#E33,
\VoigtU@{x}{t},Voigt function ${\sf U}$,Voigt-U,F|F:P,$\mathsf{U}$,http://dlmf.nist.gov/7.19#E1,
\VoigtV@{x}{t},Voigt function ${\sf V}$,Voigt-V,F|F:P,$\mathsf{V}$,http://dlmf.nist.gov/7.19#E2,
\WaringG@{k},Waring's function $G$,Waring-G,F|F:P,$G$,http://dlmf.nist.gov/27.13#SS3.p1,
\Waringg@{k},Waring's function $g$,Waring-g,F|F:P,$g$,http://dlmf.nist.gov/27.13#SS3.p1,
\WeberE{\nu}@{z},Weber function,Weber-E,F|F:P,$\mathbf{E}_{\nu}$,http://dlmf.nist.gov/11.10#E2,
\WeierPInv@@{z}{g_2}{g_3},Weierstrass $\WeierPInv$-function on invariants $\WeierPInv@{z}{g_2}{g_3}$,Weierstrass-P-on-invariants,F|F:P:nP,$\wp$,http://dlmf.nist.gov/23.1,
\WeierPLat@@{z}{\Lattice{L}},Weierstrass $\WeierPLat$-function on lattice $\WeierPLat@{z}{\Lattice{L}}$,Weierstrass-P-on-lattice,F|F:P:nP,$\wp$,http://dlmf.nist.gov/23.1,
\WeiersigmaInv@@{z}{g_2}{g_3},Weierstrass sigma function on invariants,Weierstrass-sigma-on-invariants,F|F:P:nP,$\sigma$,http://dlmf.nist.gov/23.2#E6,
\WeiersigmaLat@@{z}{\Lattice{L}},Weierstrass sigma function on lattice,Weierstrass-sigma-on-lattice,F|F:P:nP,$\sigma$,http://dlmf.nist.gov/23.2#E6,
\WeierzetaInv@@{z}{g_2}{g_3},Weierstrass zeta function on invariants,Weierstrass-zeta-on-invariants,F|F:P:nP,$\zeta$,http://dlmf.nist.gov/23.2#E5,
\WeierzetaLat@@{z}{\Lattice{L}},Weierstrass zeta function on lattice,Weierstrass-zeta-on-lattice,F|F:P:nP,$\zeta$,http://dlmf.nist.gov/23.2#E5,
\WhitD{\nu}@{z},parabolic cylinder function,Whittaker-D,F|F:P,$D_{n}$,http://dlmf.nist.gov/23.1,
\WhitM{\kappa}{\mu}@{z},Whittaker function $M_{\kappa;\mu}$,Whittaker-confluent-hypergeometric-M,F|F:P,"$M_{\kappa,\mu}$",http://dlmf.nist.gov/13.14#E2,
\WhitW{\kappa}{\mu}@{z},Whittaker function $W_{\kappa;\mu}$,Whittaker-confluent-hypergeometric-W,F|F:P,"$W_{\kappa,\mu}$",http://dlmf.nist.gov/13.14#E3,
\Wilson{n}@{x}{a}{b}{c}{d},Wilson polynomial,Wilson-polynomial-W,P|F:P,$W_{n}$,http://dlmf.nist.gov/18.25#T1.t1.r2,
\WilsonW{n}@{x}{a}{b}{c}{d},Wilson polynomial,Wilson-polynomial-W,P|F:P,$W_{n}$,http://dlmf.nist.gov/18.25#T1.t1.r2,
\Wronskian@{w_1(z);w_2(z)},Wronskian,Wronskian,F|F:P,$\mathscr{W}$,http://dlmf.nist.gov/1.13#E4,
\ZeroAiryAi{k},$k$\textsuperscript{th} zero of Airy $\AiryAi$,zero-Airy-Ai,F|F,$a_{k}$,http://dlmf.nist.gov/23.1,
\ZeroAiryAiPrime{k},$k$\textsuperscript{th} zero of Airy $\AiryAi'$,zero-derivative-Airy-Ai,F|F,$a'_{k}$,http://dlmf.nist.gov/23.1,
\ZeroAiryBi{k},$k$\textsuperscript{th} zero of Airy $\AiryBi$,zero-Airy-Bi,F|F,$b_{k}$,http://dlmf.nist.gov/23.1,
\ZeroAiryBiPrime{k},$k$\textsuperscript{th} zero of Airy $\AiryBi'$,zero-derivative-Airy-Bi,F|F,$b'_{k}$,http://dlmf.nist.gov/23.1,
\ZeroBesselJ{\nu}{m},zeros of the Bessel function $\BesselJ{\nu}@{x}$,zero-Bessel-J,F|F,"$j_{\nu,m}$",http://dlmf.nist.gov/23.1,
\ZeroBesselJPrime{\nu}{m},zeros of the Bessel function derivative $\BesselJ{\nu}'@{x}$,zero-derivative-Bessel-J,F|F,"${j'_{\nu,m}}$",http://dlmf.nist.gov/23.1,
\ZeroBesselY{\nu}{m},zeros of the Bessel function $\BesselY{\nu}@{x}$,zero-Bessel-Y-Weber,F|F,"$y_{\nu,m}$",http://dlmf.nist.gov/23.1,
\ZeroBesselYPrime{\nu}{m},zeros of the Bessel function derivative $\BesselY{\nu}'@{x}$,zero-derivative-Bessel-Y-Weber,F|F,"${y'_{\nu,m}}$",http://dlmf.nist.gov/23.1,
\ZonalPoly{\kappa}@{\Matrix{T}},zonal polynomial,zonal-polynomial,P|F:P,$Z_{\kappa}$,http://dlmf.nist.gov/35.4#SS1.p3,
\acos@@{z},inverse cosine function,inverse-cosine,F|F:P:nP,$\mathrm{arccos}$,http://dlmf.nist.gov/4.23#SS2.p1,
\acosh@@{z},inverse hyperbolic cosine function,hyperbolic-inverse-cosine,F|F:P:nP,$\mathrm{arccosh}$,http://dlmf.nist.gov/4.37#SS2.p1,
\acot@@{z},inverse cotangent function,inverse-cotangent,F|F:P:nP,$\mathrm{arccot}$,http://dlmf.nist.gov/4.23#E9,
\acoth@@{z},inverse hyperbolic cotangent function,hyperbolic-inverse-cotangent,F|F:P:nP,$\mathrm{arccoth}$,http://dlmf.nist.gov/4.37#E9,
\acsc@@{z},inverse cosecant function,inverse-cosecant,F|F:P:nP,$\mathrm{arccsc}$,http://dlmf.nist.gov/4.23#E7,
\acsch@@{z},inverse hyperbolic cosecant function,hyperbolic-inverse-cosecant,F|F:P:nP,$\mathrm{arccsch}$,http://dlmf.nist.gov/4.37#E7,
\arcGudermannian@@{x},inverse Gudermannian function,inverse-Gudermannian,F|F:P:nP,${\mathrm{gd}^{-1}}$,http://dlmf.nist.gov/4.23#E41,
\arcJacobicd@{x}{k},inverse Jacobian elliptic function ${\rm arccd}$,inverse-Jacobi-elliptic-cd,F|F:P,$\mathrm{arccd}$,http://dlmf.nist.gov/22.15#SS1.p1,
\arcJacobicn@{x}{k},inverse Jacobian elliptic function ${\rm arccn}$,inverse-Jacobi-elliptic-cn,F|F:P,$\mathrm{arccn}$,http://dlmf.nist.gov/22.15#SS1.p1,
\arcJacobics@{x}{k},inverse Jacobian elliptic function ${\rm arccs}$,inverse-Jacobi-elliptic-cs,F|F:P,$\mathrm{arccs}$,http://dlmf.nist.gov/22.15#SS1.p1,
\arcJacobidc@{x}{k},inverse Jacobian elliptic function ${\rm arcdc}$,inverse-Jacobi-elliptic-dc,F|F:P,$\mathrm{arcdc}$,http://dlmf.nist.gov/22.15#SS1.p1,
\arcJacobidn@{x}{k},inverse Jacobian elliptic function ${\rm arcdn}$,inverse-Jacobi-elliptic-dn,F|F:P,$\mathrm{arcdn}$,http://dlmf.nist.gov/22.15#SS1.p1,
\arcJacobids@{x}{k},inverse Jacobian elliptic function ${\rm arcds}$,inverse-Jacobi-elliptic-ds,F|F:P,$\mathrm{arcds}$,http://dlmf.nist.gov/22.15#SS1.p1,
\arcJacobinc@{x}{k},inverse Jacobian elliptic function ${\rm arcnc}$,inverse-Jacobi-elliptic-nc,F|F:P,$\mathrm{arcnc}$,http://dlmf.nist.gov/22.15#SS1.p1,
\arcJacobind@{x}{k},inverse Jacobian elliptic function ${\rm arcnd}$,inverse-Jacobi-elliptic-nd,F|F:P,$\mathrm{arcnd}$,http://dlmf.nist.gov/22.15#SS1.p1,
\arcJacobins@{x}{k},inverse Jacobian elliptic function ${\rm arcns}$,inverse-Jacobi-elliptic-ns,F|F:P,$\mathrm{arcns}$,http://dlmf.nist.gov/22.15#SS1.p1,
\arcJacobisc@{x}{k},inverse Jacobian elliptic function ${\rm arcsc}$,inverse-Jacobi-elliptic-sc,F|F:P,$\mathrm{arcsc}$,http://dlmf.nist.gov/22.15#SS1.p1,
\arcJacobisd@{x}{k},inverse Jacobian elliptic function ${\rm arcsd}$,inverse-Jacobi-elliptic-sd,F|F:P,$\mathrm{arcsd}$,http://dlmf.nist.gov/22.15#SS1.p1,
\arcJacobisn@{x}{k},inverse Jacobian elliptic function ${\rm arcsn}$,inverse-Jacobi-elliptic-sn,F|F:P,$\mathrm{arcsn}$,http://dlmf.nist.gov/22.15#SS1.p1,
\asec@@{z},inverse secant function,inverse-secant,F|F:P:nP,$\mathrm{arcsec}$,http://dlmf.nist.gov/4.23#E8,
\asech@@{z},inverse hyperbolic secant function,hyperbolic-inverse-secant,F|F:P:nP,$\mathrm{arcsech}$,http://dlmf.nist.gov/4.37#E8,
\asin@@{z},inverse sine function,inverse-sine,F|F:P:nP,$\mathrm{arcsin}$,http://dlmf.nist.gov/4.23#SS2.p1,
\asinh@@{z},inverse hyperbolic sine function,hyperbolic-inverse-sine,F|F:P:nP,$\mathrm{arcsinh}$,http://dlmf.nist.gov/4.37#SS2.p1,
\atan@@{z},inverse tangent function,inverse-tangent,F|F:P:nP,$\mathrm{arctan}$,http://dlmf.nist.gov/4.23#SS2.p1,
\atanh@@{z},inverse hyperbolic tangent function,hyperbolic-inverse-tangent,F|F:P:nP,$\mathrm{arctanh}$,http://dlmf.nist.gov/4.37#SS2.p1,
\bDiff[x],backward difference,EMPTY,O|F,"$\,\nabla_{x}$",http://dlmf.nist.gov/18.1#EGx2,
\bigqJacobi{n}@@{x}{a}{b}{c}{q},big $q$-Jacobi polynomial,big-q-Jacobi-polynomial-P,P|F:P:PS,$P_{n}$,http://drmf.wmflabs.org/wiki/Definition:bigqJacobi,
\bigqJacobiIVparam{n}@@{x}{a}{b}{c}{d}{q},big $q$-Jacobi polynomial with four parameters,big-q-Jacobi-polynomial-four-parameters-P,P|F:P,$P_{n}$,http://drmf.wmflabs.org/wiki/Definition:bigqJacobiIVparam,
\bigqLaguerre{n}@{x}{a}{b}{q},big $q$-Laguerre polynomial,EMPTY,P|F:P,$P_{n}$,http://drmf.wmflabs.org/wiki/Definition:bigqLaguerre,
\bigqLegendre{n}@{x}{c}{q},big $q$-Legendre polynomial,EMPTY,P|F:P,$P_{n}$,http://drmf.wmflabs.org/wiki/Definition:bigqLegendre,
\binom{n}{k},binomial coefficient,EMPTY,I|F,$\binom{n}{k}$,http://dlmf.nist.gov/1.2#E1,http://dlmf.nist.gov/26.3#SS1.p1
\binomial{n}{k},binomial coefficient,EMPTY,I|F,$\binom{n}{k}$,http://dlmf.nist.gov/1.2#E1,http://dlmf.nist.gov/26.3#SS1.p1
\cDiff[x],central difference,EMPTY,O|F,"$\,\delta_{x}$",http://dlmf.nist.gov/18.1#EGx3,
\card,number of elements of a finite set,EMPTY,SN|F,$\left|A\right|$,http://dlmf.nist.gov/26.1,
\cartprod,$G\cartprod H$: Cartesian product of groups $G$ and $H$,EMPTY,O|F,$\times$,http://dlmf.nist.gov/23.1,
\ceiling{x},ceiling,EMPTY,I|F,$\left\lceil a\right\rceil$,http://dlmf.nist.gov/front/introduction#Sx4.p1.t1.r17,
\conj{z},complex conjugate,EMPTY,O|F,$\overline{a}$,http://dlmf.nist.gov/1.9#E11,
\cos@@{z},cosine function,cos,F|F:P:nP,$\mathrm{cos}$,http://dlmf.nist.gov/4.14#E2,
\cosh@@{z},hyperbolic cosine function,hyperbolic-cosine,F|F:P:nP,$\mathrm{cosh}$,http://dlmf.nist.gov/4.28#E2,
\cosintg@{a}{z},generalized cosine integral ${\rm ci}$,generalized-cosine-integral-ci,F|F:P,$\mathrm{ci}$,http://dlmf.nist.gov/8.21#E1,
\cot@@{z},cotangent function,cotangent,F|F:P:nP,$\mathrm{cot}$,http://dlmf.nist.gov/4.14#E7,
\coth@@{z},hyperbolic cotangent function,hyperbolic-cotangent,F|F:P:nP,$\mathrm{coth}$,http://dlmf.nist.gov/4.28#E7,
\cpi,ratio of a circle's circumference to its diameter,ratio-of-a-circle's-circumference-to-its-diameter,C|F,$\pi$,http://dlmf.nist.gov/5.19.E4,
\csc@@{z},cosecant function,cosecant,F|F:P:nP,$\mathrm{csc}$,http://dlmf.nist.gov/4.14#E5,
\csch@@{z},hyperbolic cosecant function,hyperbolic-cosecant,F|F:P:nP,$\mathrm{csch}$,http://dlmf.nist.gov/4.28#E5,
\ctsHahn{n}@@{x}{a}{b}{c}{d},continuous Hahn polynomial,continuous-Hahn-polynomial,P|F:P:PS,$p_{n}$,http://dlmf.nist.gov/18.19#P2.p1,
\ctsbigqHermite{n}@{x}{a}{q},continuous big $q$-Hermite polynomial,EMPTY,P|F:P,$H_{n}$,http://drmf.wmflabs.org/wiki/Definition:ctsbigqHermite,
\ctsdualHahn{n}@@{x^2}{a}{b}{c},continuous dual Hahn polynomial,continuous-dual-Hahn-normalized-S,P|F:P:PS,$S_{n}$,http://dlmf.nist.gov/18.25#T1.t1.r3,
\ctsdualqHahn{n}@{x}{a}{b}{c}{q},continuous dual $q$-Hahn polynomial,EMPTY,P|F:P,$p_{n}$,http://drmf.wmflabs.org/wiki/Definition:ctsdualqHahn,
\ctsqHahn{n}@{x}{a}{b}{c}{d}{q},continuous $q$-Hahn polynomial,EMPTY,P|F:P,$p_{n}$,http://drmf.wmflabs.org/wiki/Definition:ctsqHahn,
\ctsqHermite{n}@@{x}{q},continuous $q$-Hermite polynomial,continuous-q-Hermite-polynomial-H,P|F:P:PS,$H_{n}$,http://drmf.wmflabs.org/wiki/Definition:ctsqHermite,
\ctsqJacobi{\alpha}{\beta}{m}@{x}{q},continuous $q$-Jacobi polynomial,EMPTY,P|F:P,"$P^{(\alpha,\beta)}_{n}$",http://drmf.wmflabs.org/wiki/Definition:ctsqJacobi,
\ctsqJacobiRahman{n}@@{x}{q},continuous $q$-Jacobi-Rahman-polynomial,continuous-q-Jacobi-Rahman-polynomial-P,P|F:P:PS,"$P^{(\alpha,\beta)}_{n}$",http://drmf.wmflabs.org/wiki/Definition:ctsqJacobiRahman,
\ctsqLaguerre{\alpha}{n}@{x}{q},continuous $q$-Laguerre polynomial,EMPTY,P|F:P,$P^{(n)}_{\alpha}$,http://drmf.wmflabs.org/wiki/Definition:ctsqLaguerre,
\ctsqLegendre{n}@@{x}{q},continuous $q$-Legendre polynomial,continuous-q-Legendre-polynomial-P,P|F:P:PS,$P_{n}$,http://drmf.wmflabs.org/wiki/Definition:ctsqLegendre,
\ctsqLegendreRahman{n}@@{x}{q},continuous $q$-Legendre-Rahman polynomial,continuous-q-Legendre-Rahman-polynomial-P,P|F:P:PS,$P_{n}$,http://drmf.wmflabs.org/wiki/Definition:ctsqLegendreRahman,
\ctsqUltra{n}@{x}{\beta}{q},continuous $q$-ultraspherical/Rogers polynomial,continuous-q-ultraspherical-Rogers-polynomial,P|F:P,$C_{n}$,http://dlmf.nist.gov/18.28#E13,
\ctsqUltrae{n}@{e^{i\theta}}{\beta}{q},continuous $q$-ultraspherical/Rogers polynomial exponential argument,continuous-q-ultraspherical-Rogers-polynomial-exponential-argument,P|F:P,$C_{n}$,http://drmf.wmflabs.org/wiki/Definition:ctsqUltrae,
\curl,curl of vector-valued function,EMPTY,F|F,$\nabla\times$,http://dlmf.nist.gov/1.6#E22,
\deltaDistribution,Dirac delta distribution,Dirac delta distribution,D|F,$\delta_x$,http://dlmf.nist.gov/1.17.i,
\deriv{f}{x},derivative,EMPTY,O|F,$\deriv{}{x}}$,http://dlmf.nist.gov/1.4#E4,
\det,determinant,EMPTY,L|F,$\det$,http://dlmf.nist.gov/1.3#i,
\diag,diagonal part of a matrix,EMPTY,L|F,$\diag[\Matrix{a}]$,http://dlmf.nist.gov/21.5.E7,
\diff{x},differential,EMPTY,O|F,$\mathrm{d}^nx$,http://dlmf.nist.gov/1.4#iv,
\digamma@{z},psi (or digamma) function,digamma,F|F:P,$\psi$,http://dlmf.nist.gov/5.2#E2,
\discrqHermiteI{n}@@{x}{q},discrete $q$-Hermite I polynomial,discrete-q-Hermite-polynomial-h-I,P|F:P:PS,$h_{n}$,http://drmf.wmflabs.org/wiki/Definition:discrqHermiteI,
\discrqHermiteII{n}@@{x}{q},discrete $q$-Hermite II polynomial,discrete-q-Hermite-polynomial-II-h-tilde,P|F:P:PS,$\tilde{h}_{n}$,http://drmf.wmflabs.org/wiki/Definition:discrqHermiteII,
\divergence,divergence of vector-valued function,EMPTY,F|F,$\mathrm{div}$,http://dlmf.nist.gov/1.6#E21,
\divides,divides,EMPTY,O|F,$\nabla\cdot$,http://dlmf.nist.gov/24.1,
\dualHahn{n}@@{\lambda(x)}{\gamma}{\delta}{N},dual Hahn polynomial,dual-Hahn-polynomial-R,P|F:P:PS,$R_{n}$,http://dlmf.nist.gov/18.25#T1.t1.r5,
\dualqHahn{n}@@{\mu(x)}{\gamma}{\delta}{N}{q},dual $q$-Hahn polynomial,dual-q-Hahn-R,P|F:P:PS,$R_{n}$,http://drmf.wmflabs.org/wiki/Definition:dualqHahn,
\dualqKrawtchouk{n}@@{\lambda(x)}{c}{N}{q},dual $q$-Krawtchouk polynomial,dual-q-Krawtchouk-polynomial-K,P|F:P:PS,$K_{n}$,http://drmf.wmflabs.org/wiki/Definition:dualqKrawtchouk,
\erf@@{z},error function,error-function,F|F:P:nP,$\mathrm{erf}$,http://dlmf.nist.gov/7.2#E1,
\erfc@@{z},complementary error function,repeated-integral-complementary-error-function,F|F:P:nP,$\mathrm{erfc}$,http://dlmf.nist.gov/7.2#E2,
\erfw@@{z},complementary error function $w$,error-function-w,F|F:P:nP,$w$,http://dlmf.nist.gov/7.2#E3,
\exp@@{z},exponential function,exponential,F|F:P:nP,$\mathrm{exp}$,http://dlmf.nist.gov/4.2#E19,
\expe,the base of the natural logarithm,EMPTY,F|F,$\mathrm{e}$,http://dlmf.nist.gov/4.2.E11,
\exptrace@{\Matrix{X}},exponential of trace of a matrix,exponential-trace,L|F:P,$\mathrm{etr}$,http://dlmf.nist.gov/35.1#p3.t1.r10,
\f{f}@{x},function,EMPTY,SM|F:P,${f}$,http://drmf.wmflabs.org/wiki/Definition:f,
\fDiff,forward difference operator,EMPTY,O|F,"$\,\Delta_{y}$",http://dlmf.nist.gov/3.6#SS1.p1,
\floor{x},floor,EMPTY,I|F,$\left\lfloor a\right\rfloor$,http://dlmf.nist.gov/front/introduction#Sx4.p1.t1.r16,
\forall,for every,EMPTY,Q|F,$\forall$,http://dlmf.nist.gov/front/introduction#Sx4.p1.t1.r11,
\gradient,gradient of differentiable scalar function,EMPTY,F|F,$\nabla$,http://dlmf.nist.gov/1.6#E20,
"\idem@{\chi_1}{\chi_1,...,\chi_n}",$\idem$ function,idem,F|F:P,$\mathrm{idem}$,http://dlmf.nist.gov/17.1#p3,
\ifrac,semantic slash fraction,EMPTY,SM|F,$(a)/(b)$,http://dlmf.nist.gov/4.2.E8,
\imagpart{z},imaginary part,EMPTY,O|F,"$\Im {z}$",http://dlmf.nist.gov/1.9#E2,
\in,element of,EMPTY,Q|F,$\in$,http://dlmf.nist.gov/front/introduction#Sx4.p1.t1.r9,
\incgamma@{a}{z},incomplete gamma function $\gamma$,incomplete-gamma,F|F:P,$\gamma$,http://dlmf.nist.gov/8.2#E1,
\incgammastar@{a}{z},incomplete gamma function $\gamma^{*}$,incomplete-gamma-star,F|F:P,$\gamma^{*}$,http://dlmf.nist.gov/8.2#E6,
\inf,greatest lower bound (infimum),EMPTY,Q|F,$\mathrm{inf}$,http://dlmf.nist.gov/front/introduction#Sx4.p1.t1.r24,
\int,integral,EMPTY,F|F,$\int$,http://dlmf.nist.gov/1.4#iv,
\inverf@@{x},inverse error function,inverse-error-function,F|F:P:nP,$\mathrm{inverf}$,http://dlmf.nist.gov/7.17#E1,
\inverfc@@{x},inverse complementary error function,inverse-complementary-error-function,F|F:P:nP,$\mathrm{inverfc}$,http://dlmf.nist.gov/7.17#E1,
\iunit,imaginary unit,EMPTY,C|F,$\mathrm{i}$,http://dlmf.nist.gov/1.9.i,
\liminf,least limit point,EMPTY,Q|F,$\mathrm{liminf}$,http://dlmf.nist.gov/front/introduction#Sx4.p2.t1.r4,
\littleo@{x},order less than,little-o,Q|F:P,$o$,http://dlmf.nist.gov/2.1#E2,
\littleqJacobi{n}@@{x}{a}{b}{q},little $q$-Jacobi polynomial,little-q-Jacobi-polynomial-p,P|F:P:PS,$p_{n}$,http://drmf.wmflabs.org/wiki/Definition:littleqJacobi,
\littleqLaguerre{n}@{x}{a}{q},little $q$-Laguerre / Wall polynomial,EMPTY,P|F:P,$p_{n}$,http://drmf.wmflabs.org/wiki/Definition:littleqLaguerre,
\littleqLegendre{m}@{x}{q},little $q$-Legendre polynomial,EMPTY,P|F:P,$p_{n}$,http://drmf.wmflabs.org/wiki/Definition:littleqLegendre,
\ln@@{z},principal branch of logarithm function,natural-logarithm,F|F:P:nP,$\mathrm{ln}$,http://dlmf.nist.gov/4.2#E2,
\log@@{z},principle branch of natural logarithm,logarithm,F|F:P:nP,$\mathrm{log}$,http://dlmf.nist.gov/4.2#E2,
\logb{a}@@{z},logarithm to general base,logarithm,F|F:P:nP,$\mathrm{log}_{b}$,http://dlmf.nist.gov/4.2#EGx1,
\lrselection,bracketed generalization of $\pm$,EMPTY,SM|F,$\left\{\begin{matrix}x\end{matrix}\right\}$,http://drmf.wmflabs.org/wiki/Definition:Lrselection,
\lselection,left bracketed generalization of $\pm$,EMPTY,SM|F,$\left\{\begin{matrix}x\end{matrix}\right.$,http://dlmf.nist.gov/28.4.E22,
\mEulerBeta{m}@{a}{b},multivariate beta function,multivariate-Euler-Beta,F|F:P,$\mathrm{B}_{m}$,http://dlmf.nist.gov/35.3#E3,
\mEulerGamma{m}@{a},multivariate gamma function,multivariate-Euler-Gamma,F|F:P,$\Gamma_{m}$,http://dlmf.nist.gov/35.3#i,
\mod,modulo,EMPTY,Q|F,$\mod$,http://dlmf.nist.gov/front/introduction#Sx4.p2.t1.r10,
\monicAffqKrawtchouk{n}@@{q^{-x}}{p}{N}{q},monic affine $q$-Krawtchouk polynomial,affine-q-Krawtchouk-polynomial-monic-p,P|F:P:PS,$\widehat{K}^{\mathrm{Aff}}_{n}$,http://drmf.wmflabs.org/wiki/Definition:monicAffqKrawtchouk,
\monicAlSalamCarlitzI{a}{n}@@{x}{q},monic Al-Salam-Carlitz I polynomial,q-Al-Salam-Carlitz-I-polynomial-monic-p,P|F:P:PS,${\widehat U}^{(\alpha)}_{n}$,http://drmf.wmflabs.org/wiki/Definition:monicAlSalamCarlitzI,
\monicAlSalamCarlitzII{a}{n}@@{x}{q},monic Al-Salam-Carlitz II polynomial,q-Al-Salam-Carlitz-II-polynomial-monic-p,P|F:P:PS,${\widehat V}^{(n)}_{\alpha}$,http://drmf.wmflabs.org/wiki/Definition:monicAlSalamCarlitzII,
\monicAlSalamChihara{n}@@{x}{a}{b}{q},monic Al-Salam-Chihara polynomial,Al-Salam-Chihara-polynomial-monic-p,P|F:P:PS,${\widehat Q}_{n}$,http://drmf.wmflabs.org/wiki/Definition:monicAlSalamChihara,
\monicAskeyWilson{n}@@{x}{a}{b}{c}{d}{q},monic Askey-Wilson polynomial,Askey-Wilson-polynomial-monic-p,P|F:P:PS,${\widehat p}_{n}$,http://drmf.wmflabs.org/wiki/Definition:monicAskeyWilson,
\monicBesselPoly{n}@@{x}{a},monic Bessel polynomial,Bessel-polynomial-monic-p,P|F:P:PS,${\widehat y}_{n}$,http://drmf.wmflabs.org/wiki/Definition:monicBesselPoly,
\monicCharlier{n}@@{x}{a},monic Charlier polynomial,Charlier-polynomial-monic-p,P|F:P:PS,${\widehat C}_{n}$,http://drmf.wmflabs.org/wiki/Definition:monicCharlier,
\monicChebyT{n}@@{x},monic Chebyshev polynomial of the first kind,Chebyshev-polynomial-first-kind-monic-p,P|F:P:PS,${\widehat T}_{n}$,http://drmf.wmflabs.org/wiki/Definition:monicChebyT,
\monicChebyU{n}@@{x},monic Chebyshev polynomial of the second kind,Chebyshev-polynomial-second-kind-monic-p,P|F:P:PS,${\widehat U}_{n}$,http://drmf.wmflabs.org/wiki/Definition:monicChebyU,
\monicHahn{n}@@{x}{\alpha}{\beta}{N},monic Hahn polynomial,Hahn-polynomial-monic-p,P|F:P:PS,${\widehat Q}_{n}$,http://drmf.wmflabs.org/wiki/Definition:monicHahn,
\monicHermite{n}@@{x},monic Hermite polynomial,Hermite-polynomial-monic,P|F:P:PS,${\widehat H}_{n}$,http://drmf.wmflabs.org/wiki/Definition:monicHermite,
\monicJacobi{n}@@{x},monic Jacobi polynomial,Jacobi-polynomial-monic-p,P|F:P:PS,"${\widehat P}^{(\alpha,\beta)}_{n}$",http://drmf.wmflabs.org/wiki/Definition:monicJacobi,
\monicKrawtchouk{n}@@{q^{-x}}{p}{N}{q},monic Krawtchouk polynomial,Krawtchouk-polynomial-monic-p,P|F:P:PS,${\widehat K}_{n}$,http://drmf.wmflabs.org/wiki/Definition:monicKrawtchouk,
\monicLaguerre{n}@@{x},monic Laguerre polynomial,generalized-Laguerre-polynomial-monic-p,P|F:P:PS,${\widehat L}^{\alpha}_n$,http://drmf.wmflabs.org/wiki/Definition:monicLaguerre,
\monicLegendrePoly{n}@@{x},monic Legendre polynomial,Legendre-spherical-polynomial-monic-p,P|F:P:PS,${\widehat P}_{n}$,http://drmf.wmflabs.org/wiki/Definition:monicLegendrePoly,
\monicMeixner{n}@@{x}{\beta}{c},monic Meixner polynomial,Meixner-polynomial-monic-p,P|F:P:PS,${\widehat M}_{n}$,http://drmf.wmflabs.org/wiki/Definition:monicMeixner,
\monicMeixnerPollaczek{\lambda}{n}@@{x}{\phi},monic Meixner-Pollaczek polynomial,Meixner-Pollaczek-polynomial-monic-p,P|F:P:PS,${\widehat P}^{(\alpha)}_{n}$,http://drmf.wmflabs.org/wiki/Definition:monicMeixnerPollaczek,
\monicRacah{n}@@{\lambda(x)}{\alpha}{\beta}{\gamma}{\delta},monic Racah polynomial,Racah-polynomial-monic-p,P|F:P:PS,${\widehat R}_{n}$,http://drmf.wmflabs.org/wiki/Definition:monicRacah,
\monicStieltjesWigert{n}@@{x}{q},monic Stieltjes-Wigert polynomial,Stieltjes-Wigert-polynomial-monic-p,P|F:P:PS,${\widehat S}_{n}$,http://drmf.wmflabs.org/wiki/Definition:monicStieltjesWigert,
\monicUltra{n}@@{x},monic ultraspherical/Gegenbauer polynomial,ultraspherical-Gegenbauer-polynomial-monic-p,P|F:P:PS,${\widehat C}^{\mu}_{n}$,http://drmf.wmflabs.org/wiki/Definition:monicUltra,
\monicWilson{n}@@{x^2}{a}{b}{c}{d},monic Wilson polynomial,Wilson-polynomial-monic-p,P|F:P:PS,${\widehat W}_{n}$,http://drmf.wmflabs.org/wiki/Definition:monicWilson,
\monicbigqJacobi{n}@@{x}{a}{b}{c}{q},monic big $q$-Jacobi polynomial,big-q-Jacobi-polynomial-monic-p,P|F:P:PS,${\widehat P}_{n}$,http://drmf.wmflabs.org/wiki/Definition:monicbigqJacobi,
\monicbigqLaguerre{n}@@{x}{a}{b}{q},monic big $q$-Laguerre polynomial,big-q-Laguerre-polynomial-monic-p,P|F:P:PS,${\widehat P}_{n}$,http://drmf.wmflabs.org/wiki/Definition:monicbigqLaguerre,
\monicbigqLegendre{n}@@{x}{c}{q},monic big $q$-Legendre polynomial,big-q-Legendre-polynomial-monic-p,P|F:P:PS,${\widehat P}_{n}$,http://drmf.wmflabs.org/wiki/Definition:monicbigqLegendre,
\monicctsHahn{n}@@{x}{a}{b}{c}{d},monic continuous Hahn polynomial,continuous-Hahn-polynomial-monic-p,P|F:P:PS,${\widehat p}_{n}$,http://drmf.wmflabs.org/wiki/Definition:monicctsHahn,
\monicctsbigqHermite{n}@@{x}{a}{q},monic continuous big $q$-Hermite polynomial,continuous-big-q-Hermite-polynomial-monic-p,P|F:P:PS,${\widehat H}_{n}$,http://drmf.wmflabs.org/wiki/Definition:monicctsbigqHermite,
\monicctsdualHahn{n}@@{x^2}{a}{b}{c}{d},monic continuous dual Hahn polynomial,continuous-dual-Hahn-polynomial-monic-p,P|F:P:PS,${\widehat S}_{n}$,http://drmf.wmflabs.org/wiki/Definition:monicctsdualHahn,
\monicctsdualqHahn{n}@@{x^2}{a}{b}{c},monic continuous dual $q$-Hahn polynomial,continuous-dual-q-Hahn-polynomial-monic-p,P|F:P:PS,${\widehat p}_{n}$,http://drmf.wmflabs.org/wiki/Definition:monicctsdualqHahn,
\monicctsqHahn{n}@@{x}{a}{b}{c}{d}{q},monic continuous $q$-Hahn polynomial,continuous-q-Hahn-polynomial-monic-p,P|F:P:PS,${\widehat p}_{n}$,http://drmf.wmflabs.org/wiki/Definition:monicctsqHahn,
\monicctsqHermite{n}@@{x}{q},monic continuous $q$-Hermite polynomial,continuous-q-Hermite-polynomial-monic-p,P|F:P:PS,${\widehat H}_{n}$,http://drmf.wmflabs.org/wiki/Definition:monicctsqHermite,
\monicctsqJacobi{n}@@{x}{q},monic continuous $q$-Jacobi polynomial,continuous-q-Jacobi-polynomial-monic-p,P|F:P:PS,"${\widehat P}^{(\alpha,\beta)}_{n}$",http://drmf.wmflabs.org/wiki/Definition:monicctsqJacobi,
\monicctsqLaguerre{n}@@{x}{q},monic continuous $q$-Laguerre polynomial,continuous-q-Laguerre-polynomial-monic-p,P|F:P:PS,${\widehat P}^{(\alpha)}_{n}$,http://drmf.wmflabs.org/wiki/Definition:monicctsqLaguerre,
\monicctsqLegendre{n}@@{x}{q},monic continuous $q$-Legendre polynomial,continuous-q-Legendre-polynomial-monic-p,P|F:P:PS,${\widehat P}_{n}$,http://drmf.wmflabs.org/wiki/Definition:monicctsqLegendre,
\monicctsqUltra{n}@@{x}{\beta}{q},monic continuous $q$-ultraspherical/Rogers polynomial,continuous-q-ultraspherical-Rogers-polynomial-monic-p,P|F:P:PS,${\widehat C}_{n}$,http://drmf.wmflabs.org/wiki/Definition:monicctsqUltra,
\monicdiscrqHermiteI{n}@@{x}{q},monic discrete $q$-Hermite I polynomial,discrete-q-Hermite-polynomial-I-monic-p,P|F:P:PS,${\widehat h}_{n}$,http://drmf.wmflabs.org/wiki/Definition:monicdiscrqHermiteI,
\monicdiscrqHermiteII{n}@@{x}{q},monic discrete $q$-Hermite II polynomial,discrete-q-Hermite-polynomial-II-monic-p,P|F:P:PS,${\widehat \tilde{p}_{n}}$,http://drmf.wmflabs.org/wiki/Definition:monicdiscrqHermiteII,
\monicdualHahn{n}@@{\lambda(x)}{\gamma}{\delta}{N},monic dual Hahn polynomial,dual-Hahn-polynomial-monic-p,P|F:P:PS,${\widehat R}_{n}$,http://drmf.wmflabs.org/wiki/Definition:monicdualHahn,
\monicdualqHahn{n}@@{\mu(x)}{\gamma}{\delta}{N}{q},monic dual $q$-Hahn polynomial,dual-q-Hahn-monic-p,P|F:P:PS,${\widehat R}_{n}$,http://drmf.wmflabs.org/wiki/Definition:monicdualqHahn,
\monicdualqKrawtchouk{n}@@{\lambda(x)}{c}{N}{q},monic dual $q$-Krawtchouk polynomial,dual-q-Krawtchouk-polynomial-monic-p,P|F:P:PS,${\widehat K}_{n}$,http://drmf.wmflabs.org/wiki/Definition:monicdualqKrawtchouk,
\moniclittleqJacobi{n}@@{x}{a}{b}{q},monic little $q$-Jacobi polynomial,little-q-Jacobi-polynomial-monic-p,P|F:P:PS,${\widehat p}_{n}$,http://drmf.wmflabs.org/wiki/Definition:moniclittleqJacobi,
\moniclittleqLaguerre{n}@@{x}{a}{q},monic little $q$-Laguerre/Wall polynomial,little-q-Laguerre-Wall-polynomial-monic-p,P|F:P:PS,${\widehat p}_{n}$,http://drmf.wmflabs.org/wiki/Definition:moniclittleqLaguerre,
\moniclittleqLegendre{n}@@{x}{q},monic little $q$-Legendre polynomial,little-q-Legendre-polynomial-monic-p,P|F:P:PS,${\widehat p}_{n}$,http://drmf.wmflabs.org/wiki/Definition:moniclittleqLegendre,
\monicpseudoJacobi{n}@@{x}{\nu}{N},monic pseudo-Jacobi polynomial,pseudo-Jacobi-polynomial-monic-p,P|F:P:PS,${\widehat P}_{n}$,http://drmf.wmflabs.org/wiki/Definition:monicpseudoJacobi,
\monicqBesselPoly{n}@@{x}{a}{q},monic $q$-Bessel polynomial,q-Bessel-polynomial-monic-p,P|F:P:PS,${\widehat y}_{n}$,http://drmf.wmflabs.org/wiki/Definition:monicqBessel,
\monicqCharlier{n}@@{q^{-x}}{a}{q},monic $q$-Charlier polynomial,q-Charlier-polynomial-monic-p,P|F:P:PS,${\widehat C}_{n}$,http://drmf.wmflabs.org/wiki/Definition:monicqCharlier,
\monicqHahn{n}@@{q^{-x}}{\alpha}{\beta}{N},monic $q$-Hahn polynomial,q-Hahn-polynomial-monic-p,P|F:P:PS,${\widehat Q}_{n}$,http://drmf.wmflabs.org/wiki/Definition:monicqHahn,
\monicqKrawtchouk{n}@@{q^{-x}}{p}{N}{q},monic $q$-Krawtchouk polynomial,q-Krawtchouk-polynomial-monic-p,P|F:P:PS,${\widehat K}_{n}$,http://drmf.wmflabs.org/wiki/Definition:monicqKrawtchouk,
\monicqLaguerre{n}@@{x}{q},monic $q$-Laguerre polynomial,q-Laguerre-polynomial-monic-p,P|F:P:PS,${\widehat L}^{(\alpha)}_{n}$,http://drmf.wmflabs.org/wiki/Definition:monicqLaguerre,
\monicqMeixner{n}@@{q^{-x}}{b}{c}{q},monic $q$-Meixner polynomial,q-Meixner-polynomial-monic-p,P|F:P:PS,${\widehat M}_{n}$,http://drmf.wmflabs.org/wiki/Definition:monicqMeixner,
\monicqMeixnerPollaczek{n}@@{x}{a}{q},monic $q$-Meixner-Pollaczek polynomial,q-Meixner-Pollaczek-polynomial-monic-p,P|F:P:PS,${\widehat P}_{n}$,http://drmf.wmflabs.org/wiki/Definition:monicqMeixnerPollaczek,
\monicqRacah{n}@@{\mu(x)}{\alpha}{\beta}{\gamma}{\delta}{q},monic $q$-Racah polynomial,q-Racah-polynomial-monic-R,P|F:P:PS,${\widehat R}_{n}$,http://drmf.wmflabs.org/wiki/Definition:monicqRacah,
\monicqinvAlSalamChihara{n}@{x}{a}{b}{q^{-1}},monic $q$-inverse Al-Salam-Chihara polynomial,q-inverse-AlSalam-Chihara-polynomial-monic-p,P|F:P,${\widehat Q}_{n}$,http://drmf.wmflabs.org/wiki/Definition:monicqinvAlSalamChihara,
\monicqtmqKrawtchouk{n}@@{q^{-x}}{p}{N}{q},monic quantum $q$-Krawtchouk polynomial,quantum-q-Krawtchouk-polynomial-monic-p,P|F:P:PS,${\widehat K^{\mathrm{qtm}}}_{n}$,http://drmf.wmflabs.org/wiki/Definition:monicqtmqKrawtchouk,
"\multinomial{n_1+n_2+\dots+n_k}{n_1,...,n_k}",multinomial coefficient,EMPTY,I|F,$\left(A;B\right)$,http://dlmf.nist.gov/26.4.E2,
\ninej@@{j_{11}}{j_{12}}{j_{13}}{j_{21}}{j_{22}}{j_{23}}{j_{31}}{j_{32}}{j_{33}},$\ninej$ symbol,EMPTY,F|F:P:nP,$$,http://dlmf.nist.gov/34.6#E1,
\normAskeyWilsonptilde{n}@@{x}{a}{b}{c}{d}{q},normalized Askey-Wilson polynomial ${\tilde p}$,Askey-Wilson-polynomial-normalized-p-tilde,P|F:P:PS,${\tilde p}_{n}$,http://drmf.wmflabs.org/wiki/Definition:normAskeyWilsonptilde,
\normJacobiR{\alpha}{\beta}{n}@{x},normalized Jacobi polynomial,Jacobi-polynomial-R,P|F:P,"$R^{(\alpha,\beta)}_{n}$",http://drmf.wmflabs.org/wiki/Definition:normJacobiR,
\normWilsonWtilde{n}@@{x^2}{a}{b}{c}{d},normalized Wilson polynomial ${\tilde W}$,Wilson-polynomial-normalized-W-tilde,P|F:P:PS,${\tilde W}_{n}$,http://drmf.wmflabs.org/wiki/Definition:normWilsonWtilde,
\normctsHahnptilde{n}@@{x}{a}{b}{c}{d},normalized continuous Hahn polynomial ${\tilde p}$,continuous-Hahn-polynomial-normalized-p-tilde,P|F:P:PS,${\tilde p}_{n}$,http://drmf.wmflabs.org/wiki/Definition:normctsHahnptilde,
\normctsdualHahnStilde{n}@@{x^2}{a}{b}{c}{d},normalized continuous dual Hahn polynomial ${\tilde S}$,continuous-dual-Hahn-polynomial-normalized-S-tilde,P|P:PS,${\tilde S}_{n}$,http://drmf.wmflabs.org/wiki/Definition:normctsdualHahnStilde,
\normctsdualqHahnptilde{n}@@{x}{a}{b}{c}{q},normalized continuous dual $q$-Hahn polynomial ${\tilde p}$,continuous-dual-q-Hahn-polynomial-normalized-p-tilde,P|F:P:PS,${\tilde p}_{n}$,http://drmf.wmflabs.org/wiki/Definition:normctsdualqHahnptilde,
\normctsqHahnptilde{n}@@{x}{a}{b}{c}{d}{q},normalized continuous $q$-Hahn polynomial ${\tilde p}$,continuous-q-Hahn-polynomial-normalized-p-tilde,P|F:P:PS,${\tilde p}_{n}$,http://drmf.wmflabs.org/wiki/Definition:normctsqHahnptilde,
\normctsqJacobiPtilde{n}@@{x}{q},normalized continuous $q$-Jacobi polynomial ${\tilde P}$,continuous-q-Jacobi-polynomial-P-tilde,P|F:P:PS,"${\tilde P}^{(\alpha,\beta)}_{n}$",http://drmf.wmflabs.org/wiki/Definition:normctsqJacobiPtilde,
\notin,not an element of,EMPTY,Q|F,$\notin$,http://dlmf.nist.gov/front/introduction#Sx4.p1.t1.r10,
\opminus,negative unity to an integer power,EMPTY,I|F,$(-1)$,http://dlmf.nist.gov/5.7.E7,
\pderiv{f}{x},partial derivative,EMPTY,O|F,$\frac{\partial f}{\partial x}$,http://dlmf.nist.gov/1.5#E3,
\pdiff{x},power of a partial differential,EMPTY,O|F,"$\partial^nx$",http://dlmf.nist.gov/1.5#E3,
\pgcd,greatest common divisor,EMPTY,I|F,"$\left(m,n\right)$",http://dlmf.nist.gov/27.1,
\ph@@{z},phase,phase,O|F:P:nP,$\mathrm{ph}$,http://dlmf.nist.gov/1.9#E7,
\pochhammer{a}{n},Pochhammer symbol,EMPTY,F|F,$(a)_n$,http://dlmf.nist.gov/5.2#iii,
\poly{p}{n}@{x},polynomial,EMPTY,SM|F:P,${p}_{n}$,http://drmf.wmflabs.org/wiki/Definition:poly,
\polygamma{n}@{z},polygamma functions,polygamma,F|F:P,$\psi^{(n)}$,http://dlmf.nist.gov/5.15,
\power,power function,EMPTY,F|F,$x^y$,http://dlmf.nist.gov/36.12.E9,
\prod,product,EMPTY,SM|F,$\Pi$,http://drmf.wmflabs.org/wiki/Definition:prod,
\pseudoJacobi{n}@{x}{\nu}{N},pseudo Jacobi polynomial,EMPTY,P|F:P,$P_{n}$,http://drmf.wmflabs.org/wiki/Definition:pseudoJacobi,
\psfactorial{a}{\kappa},partitional shifted factorial,EMPTY,F|F,${\left[a\right]_{\kappa}}$,http://dlmf.nist.gov/35.4#E1,
\pvint,Cauchy principal value,EMPTY,O|F,$\pvint_a^b$,http://dlmf.nist.gov/1.4#E24,
\qAppelli@{a}{b}{b'}{c}{q}{x}{y},first $q$-Appell function,q-Appell-Phi-1,F|F:P,$\Phi^{(1)}$,http://dlmf.nist.gov/17.4.E5,
\qAppellii@{a}{b}{b'}{c}{c'}{q}{x}{y},second $q$-Appell function,q-Appell-Phi-2,F|F:P,$\Phi^{(2)}$,http://dlmf.nist.gov/17.4.E6,
\qAppelliii@{a}{a'}{b}{b'}{c}{q}{x}{y},third $q$-Appell function,q-Appell-Phi-3,F|F:P,$\Phi^{(3)}$,http://dlmf.nist.gov/17.4.E7,
\qAppelliv@{a}{b}{c}{c'}{q}{x}{y},fourth $q$-Appell function,q-Appell-Phi-4,F|F:P,$\Phi^{(4)}$,http://dlmf.nist.gov/17.4.E8,
\qBernoulli{n}@{x}{q},$q$-Bernoulli polynomial,q-Bernoulli-polynomial,P|F:P,$\beta_{q}$,http://dlmf.nist.gov/17.3#E7,
\qBesselPoly{n}@{x}{b}{q},$q$-Bessel polynomial,EMPTY,P|F:P,$y_{n}$,http://drmf.wmflabs.org/wiki/Definition:qBessel,
\qBeta{q}@{a}{b},$q$-beta function,q-Beta,F|F:P,$\mathrm{B}_{q}$,http://dlmf.nist.gov/5.18#E11,
\qBinomial{n}{m}{q},$q$-binomial coefficient (or Gaussian polynomial),EMPTY,F|F,$\left[n \atop m\right]_{q}$,http://dlmf.nist.gov/17.2#E27,http://dlmf.nist.gov/26.9#SS2.p1
\qCharlier{n}@{x}{c}{q},$q$-Charlier polynomial,EMPTY,P|F:P,$C_{n}$,http://drmf.wmflabs.org/wiki/Definition:qCharlier,
\qCos{q}@@{x},$q$-analogue of the $\cos$ function: ${\rm Cos}_q$,q-Cos,F|F:nP:P,$\mathrm{Cos}_{q}$,http://dlmf.nist.gov/17.3#E6,
\qCosKLS{q}@@{z},$q$-analogue of the $\cos$ function used in KLS: $\mathrm{Cos}_{q}$,q-Cos-KLS,P|F:nP:P,$\mathrm{Cos}_{q}$,http://drmf.wmflabs.org/wiki/Definition:qCosKLS,
\qDigamma{q}@{z},$q$-digamma function,q-digamma,F|F:P,$\psi_{q}$,http://drmf.wmflabs.org/wiki/Definition:qDigamma,
\qEuler{m}{s}@{q},$q$-Euler number,q-Euler-number,F|F:P,"$A_{m,n}$",http://dlmf.nist.gov/17.3#E8,
\qExp{q}@@{x},$q$-analogue of the $\exp$ function: $E_q$,q-Exp,F|F:nP:P,$E_{q}$,http://dlmf.nist.gov/17.3#E2,
\qExpKLS{q}@@{z},$q$-analogue of the $\exp$ function used in KLS: $\mathrm{E}_{q}$,q-Exp-KLS,F|F:nP:P,$\mathrm{E}_{q}$,http://drmf.wmflabs.org/wiki/Definition:qExpKLS,
\qFactorial{n}{q},$q$-factorial,q-factorial,F|F,$n!_q$,http://dlmf.nist.gov/5.18#E2,
\qGamma{q}@{z},$q$-gamma function,q-gamma,F|F:P,$\Gamma_{q}$,http://dlmf.nist.gov/5.18#E4,
\qHahn{n}@@{q^{-x}}{\alpha}{\beta}{N},$q$-Hahn polynomial,q-Hahn-polynomial-Q,P|P:PS,$Q_{n}$,http://drmf.wmflabs.org/wiki/Definition:qHahn,
\qHahnQ{n}@{x}{\alpha}{\beta}{N}{q},$q$-Hahn polynomial,q-Hahn-polynomial-Q,P|F:P,$Q_{n}$,http://dlmf.nist.gov/18.27#E3,
\qHermiteH{n}@{x}{q},continuous $q$-Hermite polynomial,continuous-q-Hermite-polynomial-H,P|F:P,$H_{n}$,http://dlmf.nist.gov/18.28#E16,
\qHermitehI{n}@{x}{q},discrete $q$-Hermite I polynomial,discrete-q-Hermite-polynomial-h-I,P|F:P,$h_{n}$,http://dlmf.nist.gov/18.27#E21,
\qHermitehII{n}@{x}{q},discrete $q$-Hermite II polynomial,discrete-q-Hermite-polynomial-h-II,P|F:P,$\tilde{h}_{n}$,http://dlmf.nist.gov/18.27#E23,
"\qHyperrWs{r}{r+1}@@@{a_1}{a_4,a_5,...,a_{r+1}}{q}{z}",very-well-poised basic hypergeometric (or $q$-hypergeometric) function,very-well-poised-q-hypergeometric-rWs,F|F:fo1:fo2:fo3,${{}_{r+1}W_{r}}$,http://drmf.wmflabs.org/wiki/Definition:qHyperrWs,
"\qHyperrphis{r}{s}@@@{a_1,...a_r}{b_1,...,b_s}{q}{z}",basic hypergeometric (or $q$-hypergeometric) function,q-hypergeometric-rphis,F|F:fo1:fo2:fo3,${{}_{r}\phi_{s}}$,http://dlmf.nist.gov/17.4#E1,
"\qHyperrpsis{r}{s}@@@{a_1,...,a_r}{b_1,...,b_s}{q}{z}",bilateral basic hypergeometric (or bilateral $q$-hypergeometric) function,q-hypergeometric-rpsis,F|F:fo1:fo2:fo3,${{}_{r}\psi_{s}}$,http://dlmf.nist.gov/17.4#E3,
\qJacobiP{n}@{x}{a}{b}{c}{q},"big $q$-Jacobi polynomial $P_n(x;a,b,c;q)$",q-Jacobi-polynomial-P,P|F:P,$P_{n}$,http://dlmf.nist.gov/18.27#E5,
\qJacobiPP{\alpha}{\beta}{n}@{x}{c}{d}{q},"big $q$-Jacobi polynomial $P_n^{(\alpha,\beta)}(x;c,d;q)$",big-q-Jacobi-polynomial-P-type-2,P|F:P,"$P^{(\alpha,\beta)}_{n}$",http://dlmf.nist.gov/18.27#E6,
\qJacobip{n}@{x}{a}{b}{q},little $q$-Jacobi polynomial,q-Jacobi-polynomial-p,P|F:P,$p_{n}$,http://dlmf.nist.gov/18.27#E13,
\qKrawtchouk{n}@@{q^{-x}}{p}{N}{q},$q$-Krawtchouk polynomial,q-Krawtchouk-polynomial-K,P|F:P:PS,$K_{n}$,http://drmf.wmflabs.org/wiki/Definition:qKrawtchouk,
\qLaguerre[\alpha]{n}@@{x}{q},$q$-Laguerre polynomial,q-Laguerre-polynomial-L,P|FnO:PnO:nPnO:F:P:PS,$L_n^{(\alpha)}$,http://drmf.wmflabs.org/wiki/Definition:qLaguerre,
\qLaguerreL[\alpha]{n}@{x}{q},$q$-Laguerre polynomial,q-Laguerre-polynomial-L,P|FnO:PnO:FO:PO,$L_n^{(\alpha)}$,http://dlmf.nist.gov/18.27#E15,
\qLegendre{n}@{x}{q},continuous $q$-Legendre polynomial,EMPTY,P|F:P,$\qLegendre{n}$,http://drmf.wmflabs.org/wiki/Definition:qLegendre,
\qMeixner{n}@{x}{b}{c}{q},$q$-Meixner polynomial,q-Meixner-polynomial-M,P|F:P,$M_{n}$,http://drmf.wmflabs.org/wiki/Definition:qMeixner,
\qMeixnerPollaczek{n}@{x}{a}{q},$q$-Meixner-Pollaczek polynomial,q-Meixner-Pollaczek-polynomial-M,P|F:P,$P_{n}$,http://drmf.wmflabs.org/wiki/Definition:qMeixnerPollaczek,
"\qMultiPochhammer{a_1,\ldots,a_n}{q}{n}",$q$-multi-Pochhammer symbol,q-multi-Pochhammer,F|F,"$\(a_1,\ldots,a_k;q)_n$",http://dlmf.nist.gov/17.2.E5,
"\qMultinomial{a_1+\ldots+a_n}{a_1,\ldots,a_n}{q}",$q$-multinomial,q-multinomial,F|F,"$\left[a_1+\ldots+a_n \atop a_1,\ldots,a_n\right]_{q}$",http://dlmf.nist.gov/26.16.E1,
\qPochhammer{a}{q}{n},$q$-Pochhammer symbol,EMPTY,F|F,$(a;q)_n$,http://dlmf.nist.gov/5.18#i,http://dlmf.nist.gov/17.2#SS1.p1
\qPolygamma{n}{q}@{z},$q$-polygamma function,q-polygamma,F|F:P,$\psi_{q}^{(n)}$,http://drmf.wmflabs.org/wiki/Definition:qPolygamma,
\qRacah{n}@{x}{\alpha}{\beta}{\gamma}{\delta}{q},$q$-Racah polynomial,q-Racah-polynomial-R,P|F:P,$R_{n}$,http://dlmf.nist.gov/18.28#E19,
\qRacahR{n}@{x}{\alpha}{\beta}{\gamma}{\delta}{q},$q$-Racah polynomial,q-Racah-polynomial-R,P|F:P,$R_{n}$,http://dlmf.nist.gov/18.28#E19,
\qSin{q}@@{x},$q$-analogue of the $\sin$ function: ${\rm Sin}_q$,q-Sin,F|F:nP:P,$\mathrm{Sin}_{q}$,http://dlmf.nist.gov/17.3#E4,
\qSinKLS{q}@@{z},$q$-analogue of the $\sin$ function used in KLS: $\mathrm{Sin}_q$,q-Sin-KLS,F|F:nP:P,$\mathrm{Sin}_{q}$,http://drmf.wmflabs.org/wiki/Definition:qSinKLS,
\qStirling{m}{s}@{q},$q$-Stirling number,q-Stirling-number,F|F:P,"$a_{m,s}$",http://dlmf.nist.gov/17.3#E9,
\qUltraspherical{n}@{x}{\beta}{q},continuous $q$-ultraspherical polynomial,q-ultraspherical-polynomial,P|F:P,$C_{n}$,http://dlmf.nist.gov/18.28#E13,
\qcos{q}@@{x},$q$-analogue of the $\cos$ function: $\cos_q$,q-cos,F|F:nP:P,$\mathrm{cos}_{q}$,http://dlmf.nist.gov/17.3#E5,
\qcosKLS{q}@@{z},$q$-analogue of the $\cos$ function used in KLS: $\cos_q$,q-cos-KLS,P|F:nP:P,$\mathrm{cos}_{q}$,http://drmf.wmflabs.org/wiki/Definition:qcosKLS,
\qderiv[n]{q}@{z},$q$-derivative,q-derivative,O|FO:PO:FnO:PnO,$\mathcal{D}_q^n$,http://drmf.wmflabs.org/wiki/Definition:qderiv,
\qdiff{q}{x},$q$-differential,EMPTY,O|F,"${\mathrm d}^n_qx$",http://dlmf.nist.gov/17.2#SS5.p1,
\qexp{q}@@{x},$q$-analogue of the $\exp$ function: $e_q$,q-exp,F|F:nP:P,$e_{q}$,http://dlmf.nist.gov/17.3#E1,
\qexpKLS{q}@@{z},$q$-analogue of the $\exp$ function used in KLS: $\mathrm{e}_{q}$,q-exp-KLS,F|F:nP:P,$\mathrm{e}_{q}$,http://drmf.wmflabs.org/wiki/Definition:qexpKLS,
\qinvAlSalamChihara{n}@{x}{a}{b}{q^{-1}},$q$-inverse Al-Salam-Chihara polynomial,q-inverse-AlSalam-Chihara-polynomial-Q,P|F:P,$Q_{n}$,http://dlmf.nist.gov/23.1,
\qinvHermiteh{n}@{x}{q},continuous $q$-inverse Hermite polynomial,continuous-q-inverse-Hermite-polynomial-h,P|F:P,$h_{n}$,http://dlmf.nist.gov/23.1,
\qsin{q}@@{x},$q$-analogue of the $\sin$ function: $\sin_q$,q-sin,F|F:nP:P,$\mathrm{sin}_{q}$,http://dlmf.nist.gov/17.3#E3,
\qsinKLS{q}@@{z},$q$-analogue of the $\sin$ function used in KLS: $\sin_q$,q-sin-KLS,F|F:nP:P,$\mathrm{sin}_{q}$,http://drmf.wmflabs.org/wiki/Definition:qsinKLS,
\qtmqKrawtchouk{n}@@{q^{-x}}{p}{N}{q},quantum $q$-Krawtchouk polynomial,quantum-q-Krawtchouk-polynomial-K,P|F:P:PS,$K^{\mathrm{qtm}}_{n}$,http://drmf.wmflabs.org/wiki/Definition:qtmqKrawtchouk,
\realpart{z},real part,EMPTY,O|F,"$\Re {z}$",http://dlmf.nist.gov/1.9#E2,
\terminant{p}@{z},terminant function,terminant-function,F|F:P,$F_{p}$,http://dlmf.nist.gov/2.11#E11,
\rescaledTerminant{p}@{z},rescaled terminant functions,rescaled-terminant-function,F|F:P,$G_{p}$,http://dlmf.nist.gov/9.7#SS5.p1,
\rselection,right bracketed generalization of $\pm$,EMPTY,SM|F,$\left.\begin{matrix}x\end{matrix}\right\$,http://dlmf.nist.gov/28.4.E22,
\sec@@{z},secant function,secant,F|F:P:nP,$\mathrm{sec}$,http://dlmf.nist.gov/4.14#E6,
\sech@@{z},hyperbolic secant function,hyperbolic-secant,F|F:P:nP,$\mathrm{sech}$,http://dlmf.nist.gov/4.28#E6,
\selection,generalization of $\pm$,EMPTY,SM|F,$\;\begin{matrix}x\end{matrix}\;$,http://dlmf.nist.gov/10.23.E7,
\setminus,set subtraction,EMPTY,Q|F,$\setminus$,http://dlmf.nist.gov/front/introduction#Sx4.p2.t1.r19,
\setmod,$S_1 \setmod S_2$: set of all elements of $S_1$ modulo elements of $S_2$,EMPTY,SN|F,$/$,http://dlmf.nist.gov/21.1#p2.t1.r17,
\sign@@{x},sign function,sign,F|F:P:nP,$\mathrm{sign}$,http://dlmf.nist.gov/front/introduction#Sx4.p2.t1.r18,
\sim,asymptotic equality,EMPTY,Q|F,$\tilde$,http://dlmf.nist.gov/2.1#E1,
\sin@@{z},sine function,sin,F|F:P:nP,$\mathrm{sin}$,http://dlmf.nist.gov/4.14#E1,
\sinInt@{z},sine integral ${\rm si}$,shifted-sine-integral,F|F:P,$\mathrm{si}$,http://dlmf.nist.gov/6.2#E10,
\sinh@@{z},hyperbolic sine function,hyperbolic-sine,F|F:P:nP,$\mathrm{sinh}$,http://dlmf.nist.gov/4.28#E1,
\sinintg@{a}{z},generalized sine integral ${\rm si}$,generalized-sine-integral-si,F|F:P,$\mathrm{si}$,http://dlmf.nist.gov/8.21#E1,
\sixj@@{j_{1}}{j_{2}}{j_{3}}{l_{1}}{l_{2}}{l_{3}},$\sixj$ symbol,EMPTY,F|F:P:nP,$\left\{\begin{array}{ccc}j_1 & j_2 & j_3\\l_1 & l_2 & l_3\end{array}\right\}$,http://dlmf.nist.gov/23.1,
\subset,is contained in,EMPTY,Q|F,$\subset$,http://dlmf.nist.gov/front/introduction#Sx4.p2.t1.r2,
\subseteq,is in or is contained in,EMPTY,Q|F,$\subseteq$,http://dlmf.nist.gov/front/introduction#Sx4.p2.t1.r3,
\sum,sum,EMPTY,SM|F,$\Sigma$,http://drmf.wmflabs.org/wiki/Definition:sum,
\sup,least upper bound (supremum),EMPTY,Q|F,$\mathrm{sup}$,http://dlmf.nist.gov/front/introduction#Sx4.p1.t1.r25,
\tan@@{z},tangent function,tangent,F|F:P:nP,$\mathrm{tan}$,http://dlmf.nist.gov/4.14#E4,
\tanh@@{z},hyperbolic tangent function,hyperbolic-tangent,F|F:P:nP,$\mathrm{tanh}$,http://dlmf.nist.gov/4.28#E4,
\threej@@{j_1}{j_2}{j_3}{m_1}{m_2}{m_3},$\threej$ symbol,EMPTY,F|F:P:nP,$\left(\begin{array}{ccc}j_1 & j_2 & j_3\\m_1 & m_2 & m_3\end{array}\right)$,http://dlmf.nist.gov/34.2#E4,
\trace,trace of matrix,trace,L|F,$\mathrm{etr}$,http://dlmf.nist.gov/23.1,
\transpose,transpose of a matrix,EMPTY,L|F,$A^{\mathrm{T}}$,http://dlmf.nist.gov/1.3.E5,
\weight{w}@{x},weight function,EMPTY,SM|F:P,${w}$,http://drmf.wmflabs.org/wiki/Definition:weight,
\wigner{j_1}{m_1}{j_2}{m_2}{j_3}{-m_3},Clebsch-Gordan coefficient,EMPTY,F|F,"$\left(j_{1}\;m_{1}\;j_{2}\;m_{2} | j_{1}\;j_{2}\; j_{3}\,\,-m_{3}\right)$",http://dlmf.nist.gov/34.1#p4,
\BesselPolyIIparam{n}@{x}{a}{b},Bessel polynomial with two parameters $y_n$,Bessel-polynomial-two-parameters-y,P|F:P,$y_{n}$,http://drmf.wmflabs.org/wiki/Definition:BesselPolyIIparam,
\BesselPolyTheta{n}@{x}{a}{b},Bessel polynomial with two parameters $\theta_n$,Bessel-polynomial-two-parameters-theta,P|F:P,$\theta_{n}$,http://drmf.wmflabs.org/wiki/Definition:BesselPolyTheta,
\FourierTrans@{f}{s},Fourier transform,Fourier-transform,O|F:P,$\mathscr{F}$,http://dlmf.nist.gov/1.14#E1,
\Continuous@{A},space of continuous functions on a set $A$,set-of-continuous-functions,S|F,$C(A)$,http://dlmf.nist.gov/1.4#ii,
\SpaceTestFunTempered@{A},space of test functions for tempered distributions,space-of-test-functions-for-tempered-distributions-T,S|F,${\mathcal T}(\Real)$,http://dlmf.nist.gov/1.16#v,
